country,country_code,ISO,year,debt_usd,gdp_usd_bn,china_debt_gdp
Albania,914,ALB,2000,0,3,0
Albania,914,ALB,2001,"126,000,000",4,3.21
Albania,914,ALB,2002,"126,000,000",4,2.9
Albania,914,ALB,2003,"126,000,000",6,2.25
Albania,914,ALB,2004,"126,000,000",7,1.75
Albania,914,ALB,2005,"126,000,000",8,1.56
Albania,914,ALB,2006,"126,000,000",9,1.41
Albania,914,ALB,2007,"126,000,000",11,1.18
Albania,914,ALB,2008,"105,000,000",13,0.81
Albania,914,ALB,2009,"84,000,000",12,0.69
Albania,914,ALB,2010,"63,000,000",12,0.53
Albania,914,ALB,2011,"42,000,000",13,0.33
Albania,914,ALB,2012,"21,000,000",12,0.17
Albania,914,ALB,2013,0,13,0
Albania,914,ALB,2014,"1,627,754",13,0.01
Albania,914,ALB,2015,"1,605,784",11,0.01
Albania,914,ALB,2016,"1,505,009",12,0.01
Albania,914,ALB,2017,"1,479,562",13,0.01
Algeria,612,DZA,2000,0,55,0
Algeria,612,DZA,2001,0,55,0
Algeria,612,DZA,2002,"3,000,000",57,0.01
Algeria,612,DZA,2003,"3,000,000",68,0
Algeria,612,DZA,2004,"3,000,000",85,0
Algeria,612,DZA,2005,"3,000,000",103,0
Algeria,612,DZA,2006,"3,000,000",117,0
Algeria,612,DZA,2007,"3,000,000",135,0
Algeria,612,DZA,2008,"3,000,000",171,0
Algeria,612,DZA,2009,"2,750,000",137,0
Algeria,612,DZA,2010,"2,500,000",161,0
Algeria,612,DZA,2011,"2,250,000",200,0
Algeria,612,DZA,2012,"2,000,000",209,0
Algeria,612,DZA,2013,"1,302,000,000",210,0.62
Algeria,612,DZA,2014,"2,642,000,000",214,1.24
Algeria,612,DZA,2015,"2,641,000,000",166,1.59
Algeria,612,DZA,2016,"2,991,000,000",160,1.87
Algeria,612,DZA,2017,"2,991,000,000",168,1.78
Angola,614,AGO,2000,0,11,0
Angola,614,AGO,2001,0,11,0
Angola,614,AGO,2002,"145,000,000",15,0.95
Angola,614,AGO,2003,"156,000,000",18,0.88
Angola,614,AGO,2004,"209,900,000",24,0.89
Angola,614,AGO,2005,"1,319,000,000",37,3.57
Angola,614,AGO,2006,"2,553,000,000",52,4.87
Angola,614,AGO,2007,"4,393,000,000",65,6.73
Angola,614,AGO,2008,"4,913,000,000",89,5.55
Angola,614,AGO,2009,"4,883,000,000",70,6.94
Angola,614,AGO,2010,"5,350,000,000",84,6.38
Angola,614,AGO,2011,"7,174,000,000",112,6.42
Angola,614,AGO,2012,"8,385,000,000",128,6.55
Angola,614,AGO,2013,"9,421,000,000",137,6.89
Angola,614,AGO,2014,"13,660,000,000",146,9.38
Angola,614,AGO,2015,"15,630,000,000",116,13.45
Angola,614,AGO,2016,"21,570,000,000",101,21.34
Angola,614,AGO,2017,"20,550,000,000",127,16.25
Argentina,213,ARG,2000,0,309,0
Argentina,213,ARG,2001,0,292,0
Argentina,213,ARG,2002,0,109,0
Argentina,213,ARG,2003,0,138,0
Argentina,213,ARG,2004,0,165,0
Argentina,213,ARG,2005,0,199,0
Argentina,213,ARG,2006,"114,000,000",233,0.05
Argentina,213,ARG,2007,"144,000,000",288,0.05
Argentina,213,ARG,2008,"144,000,000",364,0.04
Argentina,213,ARG,2009,"144,000,000",335,0.04
Argentina,213,ARG,2010,"144,000,000",425,0.03
Argentina,213,ARG,2011,"1,641,000,000",528,0.31
Argentina,213,ARG,2012,"1,899,000,000",580,0.33
Argentina,213,ARG,2013,"1,952,000,000",612,0.32
Argentina,213,ARG,2014,"8,910,000,000",564,1.58
Argentina,213,ARG,2015,"14,220,000,000",643,2.21
Argentina,213,ARG,2016,"14,510,000,000",554,2.62
Argentina,213,ARG,2017,"14,480,000,000",638,2.27
Armenia,911,ARM,2000,0,2,0
Armenia,911,ARM,2001,0,2,0
Armenia,911,ARM,2002,0,2,0
Armenia,911,ARM,2003,0,3,0
Armenia,911,ARM,2004,0,4,0
Armenia,911,ARM,2005,0,5,0
Armenia,911,ARM,2006,0,6,0
Armenia,911,ARM,2007,0,9,0
Armenia,911,ARM,2008,0,12,0
Armenia,911,ARM,2009,0,9,0
Armenia,911,ARM,2010,0,9,0
Armenia,911,ARM,2011,0,10,0
Armenia,911,ARM,2012,0,11,0
Armenia,911,ARM,2013,0,11,0
Armenia,911,ARM,2014,0,12,0
Armenia,911,ARM,2015,"24,969,937",11,0.24
Armenia,911,ARM,2016,"23,402,892",11,0.22
Armenia,911,ARM,2017,"23,007,196",12,0.2
Azerbaijan,912,AZE,2000,0,5,0
Azerbaijan,912,AZE,2001,0,5,0
Azerbaijan,912,AZE,2002,0,6,0
Azerbaijan,912,AZE,2003,0,7,0
Azerbaijan,912,AZE,2004,0,9,0
Azerbaijan,912,AZE,2005,0,13,0
Azerbaijan,912,AZE,2006,0,21,0
Azerbaijan,912,AZE,2007,0,33,0
Azerbaijan,912,AZE,2008,0,49,0
Azerbaijan,912,AZE,2009,0,44,0
Azerbaijan,912,AZE,2010,0,53,0
Azerbaijan,912,AZE,2011,0,66,0
Azerbaijan,912,AZE,2012,0,70,0
Azerbaijan,912,AZE,2013,0,74,0
Azerbaijan,912,AZE,2014,0,75,0
Azerbaijan,912,AZE,2015,0,51,0
Azerbaijan,912,AZE,2016,0,38,0
Azerbaijan,912,AZE,2017,0,41,0
"Bahamas, The",313,BHS,2000,0,8,0
"Bahamas, The",313,BHS,2001,0,8,0
"Bahamas, The",313,BHS,2002,0,9,0
"Bahamas, The",313,BHS,2003,0,9,0
"Bahamas, The",313,BHS,2004,0,9,0
"Bahamas, The",313,BHS,2005,0,10,0
"Bahamas, The",313,BHS,2006,0,10,0
"Bahamas, The",313,BHS,2007,0,11,0
"Bahamas, The",313,BHS,2008,0,11,0
"Bahamas, The",313,BHS,2009,0,10,0
"Bahamas, The",313,BHS,2010,"58,600,000",10,0.58
"Bahamas, The",313,BHS,2011,"2,509,000,000",10,24.92
"Bahamas, The",313,BHS,2012,"2,548,000,000",11,23.77
"Bahamas, The",313,BHS,2013,"2,548,000,000",11,23.97
"Bahamas, The",313,BHS,2014,"2,548,000,000",11,23.25
"Bahamas, The",313,BHS,2015,"2,548,000,000",12,21.61
"Bahamas, The",313,BHS,2016,"2,548,000,000",12,21.52
"Bahamas, The",313,BHS,2017,"2,544,000,000",12,20.92
Bangladesh,513,BGD,2000,"279,500,000",55,0.51
Bangladesh,513,BGD,2001,"467,600,000",55,0.85
Bangladesh,513,BGD,2002,"473,600,000",58,0.82
Bangladesh,513,BGD,2003,"473,600,000",63,0.75
Bangladesh,513,BGD,2004,"470,700,000",69,0.69
Bangladesh,513,BGD,2005,"450,900,000",71,0.64
Bangladesh,513,BGD,2006,"650,200,000",76,0.86
Bangladesh,513,BGD,2007,"614,900,000",86,0.72
Bangladesh,513,BGD,2008,"597,300,000",97,0.62
Bangladesh,513,BGD,2009,"1,435,000,000",109,1.32
Bangladesh,513,BGD,2010,"1,487,000,000",122,1.22
Bangladesh,513,BGD,2011,"1,350,000,000",131,1.03
Bangladesh,513,BGD,2012,"1,575,000,000",142,1.11
Bangladesh,513,BGD,2013,"2,304,000,000",161,1.43
Bangladesh,513,BGD,2014,"3,246,000,000",184,1.76
Bangladesh,513,BGD,2015,"3,684,000,000",208,1.77
Bangladesh,513,BGD,2016,"5,694,000,000",236,2.42
Bangladesh,513,BGD,2017,"6,273,000,000",262,2.4
Barbados,316,BRB,2000,0,3,0
Barbados,316,BRB,2001,0,3,0
Barbados,316,BRB,2002,0,3,0
Barbados,316,BRB,2003,0,3,0
Barbados,316,BRB,2004,0,3,0
Barbados,316,BRB,2005,0,4,0
Barbados,316,BRB,2006,0,4,0
Barbados,316,BRB,2007,0,5,0
Barbados,316,BRB,2008,0,5,0
Barbados,316,BRB,2009,0,4,0
Barbados,316,BRB,2010,0,5,0
Barbados,316,BRB,2011,0,5,0
Barbados,316,BRB,2012,0,5,0
Barbados,316,BRB,2013,0,5,0
Barbados,316,BRB,2014,0,5,0
Barbados,316,BRB,2015,"170,000,000",5,3.61
Barbados,316,BRB,2016,"170,000,000",5,3.52
Barbados,316,BRB,2017,"170,000,000",5,3.42
Belarus,913,BLR,2000,0,13,0
Belarus,913,BLR,2001,0,12,0
Belarus,913,BLR,2002,0,15,0
Belarus,913,BLR,2003,0,18,0
Belarus,913,BLR,2004,0,23,0
Belarus,913,BLR,2005,0,30,0
Belarus,913,BLR,2006,"187,200,000",37,0.51
Belarus,913,BLR,2007,"187,200,000",45,0.41
Belarus,913,BLR,2008,"379,700,000",61,0.63
Belarus,913,BLR,2009,"770,800,000",51,1.52
Belarus,913,BLR,2010,"1,827,000,000",57,3.19
Belarus,913,BLR,2011,"2,184,000,000",61,3.56
Belarus,913,BLR,2012,"2,827,000,000",66,4.3
Belarus,913,BLR,2013,"6,211,000,000",76,8.23
Belarus,913,BLR,2014,"6,210,000,000",79,7.89
Belarus,913,BLR,2015,"6,099,000,000",56,10.83
Belarus,913,BLR,2016,"7,312,000,000",48,15.33
Belarus,913,BLR,2017,"7,071,000,000",54,12.99
Benin,638,BEN,2000,"9,240,800",3,0.36
Benin,638,BEN,2001,"9,242,403",3,0.34
Benin,638,BEN,2002,"9,242,527",3,0.3
Benin,638,BEN,2003,"9,242,438",4,0.24
Benin,638,BEN,2004,"9,242,702",5,0.2
Benin,638,BEN,2005,"9,335,739",5,0.19
Benin,638,BEN,2006,"15,331,698",5,0.3
Benin,638,BEN,2007,"19,253,262",6,0.32
Benin,638,BEN,2008,"66,824,183",7,0.93
Benin,638,BEN,2009,"65,583,685",7,0.92
Benin,638,BEN,2010,"64,267,997",7,0.92
Benin,638,BEN,2011,"63,920,362",8,0.82
Benin,638,BEN,2012,"62,476,533",8,0.77
Benin,638,BEN,2013,"288,900,000",9,3.15
Benin,638,BEN,2014,"287,000,000",10,2.95
Benin,638,BEN,2015,"550,000,000",8,6.63
Benin,638,BEN,2016,"541,800,000",9,6.32
Benin,638,BEN,2017,"536,700,000",9,5.8
Bolivia,218,BOL,2000,0,8,0
Bolivia,218,BOL,2001,0,8,0
Bolivia,218,BOL,2002,0,8,0
Bolivia,218,BOL,2003,0,8,0
Bolivia,218,BOL,2004,0,9,0
Bolivia,218,BOL,2005,"30,000,000",10,0.31
Bolivia,218,BOL,2006,"30,000,000",12,0.26
Bolivia,218,BOL,2007,"66,805,627",13,0.51
Bolivia,218,BOL,2008,"130,295,568",17,0.78
Bolivia,218,BOL,2009,"483,120,602",17,2.77
Bolivia,218,BOL,2010,"1,136,986,291",20,5.75
Bolivia,218,BOL,2011,"1,564,554,367",24,6.48
Bolivia,218,BOL,2012,"1,789,765,419",27,6.56
Bolivia,218,BOL,2013,"1,765,419,808",31,5.72
Bolivia,218,BOL,2014,"2,520,778,415",33,7.58
Bolivia,218,BOL,2015,"3,254,538,361",33,9.79
Bolivia,218,BOL,2016,"3,593,946,917",34,10.51
Bolivia,218,BOL,2017,"3,454,817,179",38,9.14
Bosnia and Herzegovina,963,BIH,2000,0,6,0
Bosnia and Herzegovina,963,BIH,2001,0,6,0
Bosnia and Herzegovina,963,BIH,2002,0,7,0
Bosnia and Herzegovina,963,BIH,2003,0,8,0
Bosnia and Herzegovina,963,BIH,2004,0,10,0
Bosnia and Herzegovina,963,BIH,2005,0,11,0
Bosnia and Herzegovina,963,BIH,2006,0,12,0
Bosnia and Herzegovina,963,BIH,2007,0,15,0
Bosnia and Herzegovina,963,BIH,2008,0,19,0
Bosnia and Herzegovina,963,BIH,2009,0,18,0
Bosnia and Herzegovina,963,BIH,2010,0,17,0
Bosnia and Herzegovina,963,BIH,2011,"486,500,000",19,2.61
Bosnia and Herzegovina,963,BIH,2012,"449,700,000",17,2.61
Bosnia and Herzegovina,963,BIH,2013,"464,700,000",18,2.56
Bosnia and Herzegovina,963,BIH,2014,"1,351,000,000",19,7.29
Bosnia and Herzegovina,963,BIH,2015,"1,872,000,000",16,11.55
Bosnia and Herzegovina,963,BIH,2016,"2,011,000,000",17,11.89
Bosnia and Herzegovina,963,BIH,2017,"1,991,000,000",18,10.96
Botswana,616,BWA,2000,0,6,0
Botswana,616,BWA,2001,0,6,0
Botswana,616,BWA,2002,0,5,0
Botswana,616,BWA,2003,"24,163,237",8,0.32
Botswana,616,BWA,2004,"74,231,008",9,0.83
Botswana,616,BWA,2005,"72,759,915",10,0.73
Botswana,616,BWA,2006,"80,398,646",10,0.79
Botswana,616,BWA,2007,"80,798,923",11,0.74
Botswana,616,BWA,2008,"82,264,314",11,0.75
Botswana,616,BWA,2009,"905,300,000",10,8.81
Botswana,616,BWA,2010,"902,000,000",13,7.05
Botswana,616,BWA,2011,"896,100,000",15,5.82
Botswana,616,BWA,2012,"888,900,000",16,5.52
Botswana,616,BWA,2013,"828,000,000",15,5.55
Botswana,616,BWA,2014,"769,400,000",16,4.73
Botswana,616,BWA,2015,"710,400,000",14,4.92
Botswana,616,BWA,2016,"651,700,000",16,4.16
Botswana,616,BWA,2017,"595,900,000",17,3.43
Brazil,223,BRA,2000,0,655,0
Brazil,223,BRA,2001,0,560,0
Brazil,223,BRA,2002,0,509,0
Brazil,223,BRA,2003,0,558,0
Brazil,223,BRA,2004,0,668,0
Brazil,223,BRA,2005,"100,500,000",891,0.01
Brazil,223,BRA,2006,"100,500,000","1,106",0.01
Brazil,223,BRA,2007,"680,900,000","1,396",0.05
Brazil,223,BRA,2008,"1,467,000,000","1,695",0.09
Brazil,223,BRA,2009,"1,705,000,000","1,668",0.1
Brazil,223,BRA,2010,"6,500,000,000","2,208",0.29
Brazil,223,BRA,2011,"6,844,000,000","2,614",0.26
Brazil,223,BRA,2012,"7,053,000,000","2,464",0.29
Brazil,223,BRA,2013,"6,811,000,000","2,472",0.28
Brazil,223,BRA,2014,"6,237,000,000","2,456",0.25
Brazil,223,BRA,2015,"16,090,000,000","1,800",0.89
Brazil,223,BRA,2016,"25,470,000,000","1,793",1.42
Brazil,223,BRA,2017,"24,740,000,000","2,055",1.2
Bulgaria,918,BGR,2000,"20,000,000",13,0.15
Bulgaria,918,BGR,2001,"40,000,000",14,0.28
Bulgaria,918,BGR,2002,"40,000,000",16,0.25
Bulgaria,918,BGR,2003,"40,000,000",21,0.19
Bulgaria,918,BGR,2004,"40,000,000",26,0.15
Bulgaria,918,BGR,2005,"40,000,000",30,0.13
Bulgaria,918,BGR,2006,"40,000,000",34,0.12
Bulgaria,918,BGR,2007,"36,794,872",44,0.08
Bulgaria,918,BGR,2008,"33,589,744",54,0.06
Bulgaria,918,BGR,2009,"30,384,615",52,0.06
Bulgaria,918,BGR,2010,"27,179,487",51,0.05
Bulgaria,918,BGR,2011,"23,974,359",57,0.04
Bulgaria,918,BGR,2012,"20,769,231",54,0.04
Bulgaria,918,BGR,2013,"143,600,000",56,0.26
Bulgaria,918,BGR,2014,"140,400,000",57,0.25
Bulgaria,918,BGR,2015,"137,200,000",50,0.27
Bulgaria,918,BGR,2016,"133,900,000",53,0.25
Bulgaria,918,BGR,2017,"118,100,000",57,0.21
Burkina Faso,748,BFA,2000,0,3,0
Burkina Faso,748,BFA,2001,0,3,0
Burkina Faso,748,BFA,2002,0,3,0
Burkina Faso,748,BFA,2003,0,4,0
Burkina Faso,748,BFA,2004,0,5,0
Burkina Faso,748,BFA,2005,0,5,0
Burkina Faso,748,BFA,2006,0,6,0
Burkina Faso,748,BFA,2007,0,7,0
Burkina Faso,748,BFA,2008,0,8,0
Burkina Faso,748,BFA,2009,0,8,0
Burkina Faso,748,BFA,2010,0,9,0
Burkina Faso,748,BFA,2011,0,11,0
Burkina Faso,748,BFA,2012,0,11,0
Burkina Faso,748,BFA,2013,0,12,0
Burkina Faso,748,BFA,2014,0,12,0
Burkina Faso,748,BFA,2015,0,10,0
Burkina Faso,748,BFA,2016,"180,000,000",11,1.59
Burkina Faso,748,BFA,2017,"180,000,000",13,1.43
Burundi,618,BDI,2000,0,1,0
Burundi,618,BDI,2001,0,1,0
Burundi,618,BDI,2002,0,1,0
Burundi,618,BDI,2003,0,1,0
Burundi,618,BDI,2004,"7,910,000",1,0.86
Burundi,618,BDI,2005,"7,910,000",1,0.71
Burundi,618,BDI,2006,"7,910,000",1,0.62
Burundi,618,BDI,2007,"7,910,000",1,0.58
Burundi,618,BDI,2008,"10,485,651",2,0.65
Burundi,618,BDI,2009,"10,495,530",2,0.59
Burundi,618,BDI,2010,"10,500,818",2,0.52
Burundi,618,BDI,2011,"32,714,430",2,1.46
Burundi,618,BDI,2012,"32,240,316",2,1.38
Burundi,618,BDI,2013,"31,693,557",3,1.23
Burundi,618,BDI,2014,"77,559,312",3,2.64
Burundi,618,BDI,2015,"76,311,559",3,2.54
Burundi,618,BDI,2016,"74,261,760",3,2.37
Burundi,618,BDI,2017,"72,985,354",3,2.15
Cabo Verde,624,CPV,2000,0,1,0
Cabo Verde,624,CPV,2001,0,1,0
Cabo Verde,624,CPV,2002,0,1,0
Cabo Verde,624,CPV,2003,0,1,0
Cabo Verde,624,CPV,2004,0,1,0
Cabo Verde,624,CPV,2005,"4,881,432",1,0.45
Cabo Verde,624,CPV,2006,"7,525,623",1,0.61
Cabo Verde,624,CPV,2007,"7,995,282",2,0.53
Cabo Verde,624,CPV,2008,"8,686,163",2,0.49
Cabo Verde,624,CPV,2009,"8,633,684",2,0.5
Cabo Verde,624,CPV,2010,"8,557,034",2,0.51
Cabo Verde,624,CPV,2011,"8,970,818",2,0.48
Cabo Verde,624,CPV,2012,"71,378,459",2,4.07
Cabo Verde,624,CPV,2013,"70,814,216",2,3.83
Cabo Verde,624,CPV,2014,"70,094,485",2,3.77
Cabo Verde,624,CPV,2015,"68,945,690",2,4.32
Cabo Verde,624,CPV,2016,"67,986,557",2,4.09
Cabo Verde,624,CPV,2017,"80,273,831",2,4.52
Cambodia,522,KHM,2000,"21,539,738",4,0.59
Cambodia,522,KHM,2001,"21,540,786",4,0.54
Cambodia,522,KHM,2002,"23,836,397",4,0.56
Cambodia,522,KHM,2003,"47,836,317",5,1.03
Cambodia,522,KHM,2004,"78,041,461",5,1.46
Cambodia,522,KHM,2005,"108,600,000",6,1.73
Cambodia,522,KHM,2006,"710,100,000",7,9.77
Cambodia,522,KHM,2007,"966,800,000",9,11.2
Cambodia,522,KHM,2008,"1,078,000,000",10,10.43
Cambodia,522,KHM,2009,"1,429,000,000",10,13.75
Cambodia,522,KHM,2010,"2,884,000,000",11,25.68
Cambodia,522,KHM,2011,"3,484,000,000",13,27.18
Cambodia,522,KHM,2012,"4,023,000,000",14,28.61
Cambodia,522,KHM,2013,"6,255,000,000",15,41.07
Cambodia,522,KHM,2014,"6,280,000,000",17,37.6
Cambodia,522,KHM,2015,"6,580,000,000",18,36.39
Cambodia,522,KHM,2016,"6,464,000,000",20,32.26
Cambodia,522,KHM,2017,"6,524,000,000",22,29.53
Cameroon,622,CMR,2000,0,10,0
Cameroon,622,CMR,2001,0,10,0
Cameroon,622,CMR,2002,"5,738,978",12,0.05
Cameroon,622,CMR,2003,"6,882,309",15,0.05
Cameroon,622,CMR,2004,"7,571,673",17,0.04
Cameroon,622,CMR,2005,"7,583,396",18,0.04
Cameroon,622,CMR,2006,"62,000,000",19,0.32
Cameroon,622,CMR,2007,"539,100,000",22,2.41
Cameroon,622,CMR,2008,"567,400,000",27,2.14
Cameroon,622,CMR,2009,"1,569,000,000",26,6.01
Cameroon,622,CMR,2010,"1,583,000,000",26,6.04
Cameroon,622,CMR,2011,"2,821,000,000",29,9.61
Cameroon,622,CMR,2012,"3,381,000,000",29,11.61
Cameroon,622,CMR,2013,"3,840,000,000",32,11.87
Cameroon,622,CMR,2014,"4,258,000,000",35,12.17
Cameroon,622,CMR,2015,"4,083,000,000",31,13.2
Cameroon,622,CMR,2016,"3,950,000,000",33,12.11
Cameroon,622,CMR,2017,"3,973,000,000",35,11.35
Central African Republic,626,CAF,2000,0,1,0
Central African Republic,626,CAF,2001,0,1,0
Central African Republic,626,CAF,2002,0,1,0
Central African Republic,626,CAF,2003,"2,500,000",1,0.23
Central African Republic,626,CAF,2004,"2,500,000",1,0.2
Central African Republic,626,CAF,2005,"69,980,003",1,5.23
Central African Republic,626,CAF,2006,"75,680,003",1,5.18
Central African Republic,626,CAF,2007,"79,480,003",2,4.68
Central African Republic,626,CAF,2008,"79,480,003",2,4
Central African Republic,626,CAF,2009,"79,480,003",2,4.01
Central African Republic,626,CAF,2010,"79,271,670",2,3.99
Central African Republic,626,CAF,2011,"108,700,000",2,4.95
Central African Republic,626,CAF,2012,"99,545,989",2,4.59
Central African Republic,626,CAF,2013,"93,021,567",2,6.12
Central African Republic,626,CAF,2014,"85,295,520",2,5
Central African Republic,626,CAF,2015,"72,868,610",2,4.6
Central African Republic,626,CAF,2016,"65,045,902",2,3.7
Central African Republic,626,CAF,2017,"57,785,022",2,2.98
Chad,628,TCD,2000,0,2,0
Chad,628,TCD,2001,0,2,0
Chad,628,TCD,2002,0,2,0
Chad,628,TCD,2003,0,3,0
Chad,628,TCD,2004,0,5,0
Chad,628,TCD,2005,0,7,0
Chad,628,TCD,2006,0,7,0
Chad,628,TCD,2007,"479,226,159",9,5.52
Chad,628,TCD,2008,"481,129,621",10,4.63
Chad,628,TCD,2009,"479,632,199",9,5.16
Chad,628,TCD,2010,"478,347,645",11,4.48
Chad,628,TCD,2011,"479,651,179",12,3.94
Chad,628,TCD,2012,"477,564,406",12,3.85
Chad,628,TCD,2013,"478,413,009",13,3.68
Chad,628,TCD,2014,"433,443,968",14,3.1
Chad,628,TCD,2015,"384,899,727",11,3.52
Chad,628,TCD,2016,"340,266,500",10,3.37
Chad,628,TCD,2017,"295,955,328",10,3
Chile,228,CHL,2000,0,78,0
Chile,228,CHL,2001,0,71,0
Chile,228,CHL,2002,0,70,0
Chile,228,CHL,2003,0,76,0
Chile,228,CHL,2004,0,99,0
Chile,228,CHL,2005,0,123,0
Chile,228,CHL,2006,0,155,0
Chile,228,CHL,2007,0,174,0
Chile,228,CHL,2008,0,180,0
Chile,228,CHL,2009,"200,000,000",173,0.12
Chile,228,CHL,2010,"200,000,000",218,0.09
Chile,228,CHL,2011,"350,000,000",252,0.14
Chile,228,CHL,2012,"1,250,000,000",267,0.47
Chile,228,CHL,2013,"1,250,000,000",278,0.45
Chile,228,CHL,2014,"1,250,000,000",261,0.48
Chile,228,CHL,2015,"1,235,000,000",244,0.51
Chile,228,CHL,2016,"1,110,000,000",250,0.44
Chile,228,CHL,2017,"985,000,000",277,0.36
Colombia,233,COL,2000,0,99,0
Colombia,233,COL,2001,0,97,0
Colombia,233,COL,2002,0,97,0
Colombia,233,COL,2003,0,94,0
Colombia,233,COL,2004,0,116,0
Colombia,233,COL,2005,0,145,0
Colombia,233,COL,2006,0,161,0
Colombia,233,COL,2007,0,206,0
Colombia,233,COL,2008,"75,000,000",242,0.03
Colombia,233,COL,2009,"78,859,000",233,0.03
Colombia,233,COL,2010,"78,859,000",286,0.03
Colombia,233,COL,2011,"78,859,000",335,0.02
Colombia,233,COL,2012,"71,359,000",370,0.02
Colombia,233,COL,2013,"63,473,100",382,0.02
Colombia,233,COL,2014,"55,587,200",381,0.01
Colombia,233,COL,2015,"47,701,300",294,0.02
Colombia,233,COL,2016,"39,815,400",283,0.01
Colombia,233,COL,2017,"31,929,500",315,0.01
Comoros,632,COM,2000,0,0,0
Comoros,632,COM,2001,0,0,0
Comoros,632,COM,2002,0,0,0
Comoros,632,COM,2003,0,0,0
Comoros,632,COM,2004,"7,600,000",0,2.09
Comoros,632,COM,2005,"7,600,000",0,1.96
Comoros,632,COM,2006,"7,600,000",0,1.88
Comoros,632,COM,2007,"7,600,000",0,1.63
Comoros,632,COM,2008,"7,600,000",1,1.43
Comoros,632,COM,2009,"7,600,000",1,1.42
Comoros,632,COM,2010,"7,600,000",1,1.4
Comoros,632,COM,2011,"6,840,000",1,1.12
Comoros,632,COM,2012,"6,080,000",1,1.02
Comoros,632,COM,2013,"5,320,000",1,0.81
Comoros,632,COM,2014,"4,560,000",1,0.66
Comoros,632,COM,2015,"3,800,000",1,0.65
Comoros,632,COM,2016,"3,040,000",1,0.5
Comoros,632,COM,2017,"2,280,000",1,0.35
"Congo, Dem. Rep.",636,COD,2000,0,19,0
"Congo, Dem. Rep.",636,COD,2001,0,8,0
"Congo, Dem. Rep.",636,COD,2002,0,9,0
"Congo, Dem. Rep.",636,COD,2003,0,9,0
"Congo, Dem. Rep.",636,COD,2004,0,10,0
"Congo, Dem. Rep.",636,COD,2005,0,12,0
"Congo, Dem. Rep.",636,COD,2006,0,14,0
"Congo, Dem. Rep.",636,COD,2007,0,16,0
"Congo, Dem. Rep.",636,COD,2008,"70,258,622",19,0.37
"Congo, Dem. Rep.",636,COD,2009,"70,863,721",18,0.39
"Congo, Dem. Rep.",636,COD,2010,"170,900,000",21,0.83
"Congo, Dem. Rep.",636,COD,2011,"1,193,000,000",25,4.85
"Congo, Dem. Rep.",636,COD,2012,"1,194,000,000",28,4.33
"Congo, Dem. Rep.",636,COD,2013,"1,194,000,000",33,3.65
"Congo, Dem. Rep.",636,COD,2014,"1,195,000,000",36,3.33
"Congo, Dem. Rep.",636,COD,2015,"1,187,000,000",38,3.09
"Congo, Dem. Rep.",636,COD,2016,"1,177,000,000",39,2.99
"Congo, Dem. Rep.",636,COD,2017,"1,484,000,000",41,3.58
"Congo, Rep.",634,COG,2000,"45,218,702",3,1.4
"Congo, Rep.",634,COG,2001,0,3,0
"Congo, Rep.",634,COG,2002,0,3,0
"Congo, Rep.",634,COG,2003,0,4,0
"Congo, Rep.",634,COG,2004,"221,300,000",5,4.76
"Congo, Rep.",634,COG,2005,"221,300,000",6,3.63
"Congo, Rep.",634,COG,2006,"531,700,000",8,6.87
"Congo, Rep.",634,COG,2007,"794,200,000",7,10.67
"Congo, Rep.",634,COG,2008,"826,700,000",10,8.09
"Congo, Rep.",634,COG,2009,"805,800,000",9,8.61
"Congo, Rep.",634,COG,2010,"796,300,000",12,6.47
"Congo, Rep.",634,COG,2011,"790,800,000",15,5.34
"Congo, Rep.",634,COG,2012,"1,326,000,000",14,9.71
"Congo, Rep.",634,COG,2013,"1,677,000,000",14,11.95
"Congo, Rep.",634,COG,2014,"1,773,000,000",14,12.57
"Congo, Rep.",634,COG,2015,"1,668,000,000",9,19.5
"Congo, Rep.",634,COG,2016,"1,609,581,929",8,20.67
"Congo, Rep.",634,COG,2017,"1,557,539,195",9,17.87
Costa Rica,238,CRI,2000,0,15,0
Costa Rica,238,CRI,2001,0,16,0
Costa Rica,238,CRI,2002,0,17,0
Costa Rica,238,CRI,2003,0,17,0
Costa Rica,238,CRI,2004,0,19,0
Costa Rica,238,CRI,2005,0,20,0
Costa Rica,238,CRI,2006,0,23,0
Costa Rica,238,CRI,2007,0,27,0
Costa Rica,238,CRI,2008,"300,000,000",31,0.97
Costa Rica,238,CRI,2009,"300,000,000",31,0.97
Costa Rica,238,CRI,2010,"300,000,000",38,0.8
Costa Rica,238,CRI,2011,"300,000,000",43,0.7
Costa Rica,238,CRI,2012,"279,600,000",47,0.6
Costa Rica,238,CRI,2013,"1,041,000,000",50,2.07
Costa Rica,238,CRI,2014,"1,011,000,000",51,1.98
Costa Rica,238,CRI,2015,"980,600,000",55,1.77
Costa Rica,238,CRI,2016,"950,600,000",58,1.64
Costa Rica,238,CRI,2017,"920,600,000",58,1.58
Cote d'Ivoire,662,CIV,2000,0,11,0
Cote d'Ivoire,662,CIV,2001,"1,208,157",11,0.01
Cote d'Ivoire,662,CIV,2002,"37,453,376",12,0.3
Cote d'Ivoire,662,CIV,2003,"37,453,018",15,0.24
Cote d'Ivoire,662,CIV,2004,"37,454,085",17,0.23
Cote d'Ivoire,662,CIV,2005,"37,831,098",17,0.22
Cote d'Ivoire,662,CIV,2006,"38,879,087",18,0.22
Cote d'Ivoire,662,CIV,2007,"49,568,292",20,0.24
Cote d'Ivoire,662,CIV,2008,"51,824,095",24,0.21
Cote d'Ivoire,662,CIV,2009,"64,614,821",24,0.27
Cote d'Ivoire,662,CIV,2010,"62,308,297",25,0.25
Cote d'Ivoire,662,CIV,2011,"174,516,970",26,0.68
Cote d'Ivoire,662,CIV,2012,"743,805,792",27,2.78
Cote d'Ivoire,662,CIV,2013,"1,618,150,508",31,5.18
Cote d'Ivoire,662,CIV,2014,"1,914,444,055",35,5.42
Cote d'Ivoire,662,CIV,2015,"2,677,254,741",33,8.08
Cote d'Ivoire,662,CIV,2016,"2,668,040,916",36,7.34
Cote d'Ivoire,662,CIV,2017,"2,662,446,019",40,6.58
Djibouti,611,DJI,2000,0,1,0
Djibouti,611,DJI,2001,"24,129,572",1,4.18
Djibouti,611,DJI,2002,"24,129,734",1,4.05
Djibouti,611,DJI,2003,"24,129,619",1,3.84
Djibouti,611,DJI,2004,"12,081,963",1,1.81
Djibouti,611,DJI,2005,"12,203,580",1,1.72
Djibouti,611,DJI,2006,"12,541,641",1,1.63
Djibouti,611,DJI,2007,"13,144,867",1,1.55
Djibouti,611,DJI,2008,"13,192,001",1,1.34
Djibouti,611,DJI,2009,"12,198,545",1,1.2
Djibouti,611,DJI,2010,"11,077,846",1,1.01
Djibouti,611,DJI,2011,"10,317,583",1,0.83
Djibouti,611,DJI,2012,"73,241,169",1,5.41
Djibouti,611,DJI,2013,"954,100,000",1,65.57
Djibouti,611,DJI,2014,"952,800,000",2,60
Djibouti,611,DJI,2015,"1,952,000,000",2,113.03
Djibouti,611,DJI,2016,"1,951,000,000",2,103.28
Djibouti,611,DJI,2017,"1,949,000,000",2,96.06
Dominica,321,DMA,2000,0,0,0
Dominica,321,DMA,2001,0,0,0
Dominica,321,DMA,2002,0,0,0
Dominica,321,DMA,2003,0,0,0
Dominica,321,DMA,2004,0,0,0
Dominica,321,DMA,2005,0,0,0
Dominica,321,DMA,2006,0,0,0
Dominica,321,DMA,2007,0,0,0
Dominica,321,DMA,2008,0,0,0
Dominica,321,DMA,2009,"40,000,000",0,8.18
Dominica,321,DMA,2010,"40,000,000",0,8.1
Dominica,321,DMA,2011,"40,000,000",1,7.98
Dominica,321,DMA,2012,"40,000,000",0,8.23
Dominica,321,DMA,2013,"116,800,000",1,22.99
Dominica,321,DMA,2014,"116,800,000",1,22.12
Dominica,321,DMA,2015,"114,100,000",1,21.33
Dominica,321,DMA,2016,"111,500,000",1,19.19
Dominica,321,DMA,2017,"108,800,000",1,19.53
Ecuador,248,ECU,2000,0,18,0
Ecuador,248,ECU,2001,0,24,0
Ecuador,248,ECU,2002,0,29,0
Ecuador,248,ECU,2003,0,32,0
Ecuador,248,ECU,2004,0,37,0
Ecuador,248,ECU,2005,0,42,0
Ecuador,248,ECU,2006,0,47,0
Ecuador,248,ECU,2007,0,51,0
Ecuador,248,ECU,2008,0,62,0
Ecuador,248,ECU,2009,"2,222,300,000",63,3.55
Ecuador,248,ECU,2010,"3,793,300,000",70,5.45
Ecuador,248,ECU,2011,"7,235,800,000",79,9.13
Ecuador,248,ECU,2012,"8,842,466,667",88,10.06
Ecuador,248,ECU,2013,"10,186,333,333",95,10.71
Ecuador,248,ECU,2014,"10,978,200,000",102,10.79
Ecuador,248,ECU,2015,"12,116,850,000",99,12.2
Ecuador,248,ECU,2016,"13,243,353,788",100,13.25
Ecuador,248,ECU,2017,"12,276,513,131",104,11.77
Egypt,469,EGY,2000,0,105,0
Egypt,469,EGY,2001,0,102,0
Egypt,469,EGY,2002,0,90,0
Egypt,469,EGY,2003,0,85,0
Egypt,469,EGY,2004,0,83,0
Egypt,469,EGY,2005,"16,300,000",94,0.02
Egypt,469,EGY,2006,"16,300,000",113,0.01
Egypt,469,EGY,2007,"16,300,000",137,0.01
Egypt,469,EGY,2008,"16,300,000",171,0.01
Egypt,469,EGY,2009,"236,300,000",198,0.12
Egypt,469,EGY,2010,"236,300,000",230,0.1
Egypt,469,EGY,2011,"236,300,000",248,0.1
Egypt,469,EGY,2012,"634,700,000",279,0.23
Egypt,469,EGY,2013,"611,000,000",288,0.21
Egypt,469,EGY,2014,"587,400,000",306,0.19
Egypt,469,EGY,2015,"1,564,000,000",332,0.47
Egypt,469,EGY,2016,"2,258,000,000",333,0.68
Egypt,469,EGY,2017,"2,375,000,000",237,1
Equatorial Guinea,642,GNQ,2000,0,1,0
Equatorial Guinea,642,GNQ,2001,"11,380,000",2,0.68
Equatorial Guinea,642,GNQ,2002,"17,630,000",2,0.86
Equatorial Guinea,642,GNQ,2003,"23,550,000",4,0.63
Equatorial Guinea,642,GNQ,2004,"23,550,000",6,0.4
Equatorial Guinea,642,GNQ,2005,"23,550,000",8,0.29
Equatorial Guinea,642,GNQ,2006,"83,550,000",10,0.83
Equatorial Guinea,642,GNQ,2007,"8,550,000",13,0.07
Equatorial Guinea,642,GNQ,2008,"307,600,000",20,1.56
Equatorial Guinea,642,GNQ,2009,"563,100,000",15,3.75
Equatorial Guinea,642,GNQ,2010,"1,264,000,000",16,7.75
Equatorial Guinea,642,GNQ,2011,"1,262,000,000",21,5.92
Equatorial Guinea,642,GNQ,2012,"1,260,000,000",22,5.63
Equatorial Guinea,642,GNQ,2013,"1,228,000,000",22,5.6
Equatorial Guinea,642,GNQ,2014,"1,202,000,000",22,5.53
Equatorial Guinea,642,GNQ,2015,"1,146,000,000",13,8.69
Equatorial Guinea,642,GNQ,2016,"1,064,000,000",11,9.46
Equatorial Guinea,642,GNQ,2017,"950,100,000",12,7.61
Eritrea,643,ERI,2000,"10,000,000",1,1.42
Eritrea,643,ERI,2001,"7,000,000",1,0.93
Eritrea,643,ERI,2002,"7,000,000",1,0.96
Eritrea,643,ERI,2003,"7,000,000",1,0.8
Eritrea,643,ERI,2004,"7,000,000",1,0.63
Eritrea,643,ERI,2005,"28,450,000",1,2.59
Eritrea,643,ERI,2006,"157,000,000",1,12.96
Eritrea,643,ERI,2007,"281,800,000",1,21.38
Eritrea,643,ERI,2008,"287,500,000",1,20.83
Eritrea,643,ERI,2009,"288,100,000",2,15.51
Eritrea,643,ERI,2010,"294,200,000",2,13.9
Eritrea,643,ERI,2011,"297,200,000",3,11.39
Eritrea,643,ERI,2012,"296,300,000",3,9.68
Eritrea,643,ERI,2013,"282,200,000",4,8.03
Eritrea,643,ERI,2014,"353,100,000",4,8.91
Eritrea,643,ERI,2015,"419,100,000",4,9.43
Eritrea,643,ERI,2016,"385,900,000",5,7.71
Eritrea,643,ERI,2017,"355,600,000",6,6.12
Ethiopia,644,ETH,2000,0,8,0
Ethiopia,644,ETH,2001,0,8,0
Ethiopia,644,ETH,2002,0,8,0
Ethiopia,644,ETH,2003,0,9,0
Ethiopia,644,ETH,2004,0,10,0
Ethiopia,644,ETH,2005,0,12,0
Ethiopia,644,ETH,2006,"671,500,000",15,4.39
Ethiopia,644,ETH,2007,"788,200,000",20,4
Ethiopia,644,ETH,2008,"790,100,000",27,2.94
Ethiopia,644,ETH,2009,"2,905,000,000",32,8.95
Ethiopia,644,ETH,2010,"3,863,000,000",30,12.91
Ethiopia,644,ETH,2011,"7,017,000,000",32,21.96
Ethiopia,644,ETH,2012,"8,361,000,000",43,19.39
Ethiopia,644,ETH,2013,"12,640,000,000",48,26.52
Ethiopia,644,ETH,2014,"13,730,000,000",56,24.73
Ethiopia,644,ETH,2015,"14,460,000,000",65,22.36
Ethiopia,644,ETH,2016,"14,080,000,000",73,19.25
Ethiopia,644,ETH,2017,"14,350,000,000",81,17.74
Fiji,819,FJI,2000,0,2,0
Fiji,819,FJI,2001,0,2,0
Fiji,819,FJI,2002,0,2,0
Fiji,819,FJI,2003,0,2,0
Fiji,819,FJI,2004,0,3,0
Fiji,819,FJI,2005,0,3,0
Fiji,819,FJI,2006,"20,700,000",3,0.67
Fiji,819,FJI,2007,"170,700,000",3,5.05
Fiji,819,FJI,2008,"245,400,000",4,6.97
Fiji,819,FJI,2009,"351,200,000",3,12.23
Fiji,819,FJI,2010,"353,000,000",3,11.24
Fiji,819,FJI,2011,"542,000,000",4,14.36
Fiji,819,FJI,2012,"664,300,000",4,16.72
Fiji,819,FJI,2013,"651,400,000",4,15.55
Fiji,819,FJI,2014,"626,500,000",4,13.97
Fiji,819,FJI,2015,"589,100,000",4,13.56
Fiji,819,FJI,2016,"559,700,000",5,12.25
Fiji,819,FJI,2017,"531,200,000",5,10.86
Gabon,646,GAB,2000,"2,600,000",5,0.05
Gabon,646,GAB,2001,"2,600,000",5,0.05
Gabon,646,GAB,2002,"9,849,041",5,0.18
Gabon,646,GAB,2003,"9,848,971",7,0.15
Gabon,646,GAB,2004,"9,849,178",8,0.13
Gabon,646,GAB,2005,"9,922,148",9,0.1
Gabon,646,GAB,2006,"10,124,985",10,0.1
Gabon,646,GAB,2007,"10,270,253",12,0.08
Gabon,646,GAB,2008,"93,901,431",16,0.6
Gabon,646,GAB,2009,"93,101,039",12,0.76
Gabon,646,GAB,2010,"202,100,000",14,1.4
Gabon,646,GAB,2011,"329,500,000",18,1.81
Gabon,646,GAB,2012,"328,600,000",17,1.91
Gabon,646,GAB,2013,"560,900,000",18,3.19
Gabon,646,GAB,2014,"560,000,000",18,3.08
Gabon,646,GAB,2015,"634,000,000",14,4.41
Gabon,646,GAB,2016,"626,100,000",14,4.47
Gabon,646,GAB,2017,"620,900,000",15,4.16
Ghana,652,GHA,2000,"29,520,000",8,0.36
Ghana,652,GHA,2001,"29,520,000",9,0.34
Ghana,652,GHA,2002,0,10,0
Ghana,652,GHA,2003,0,12,0
Ghana,652,GHA,2004,0,14,0
Ghana,652,GHA,2005,"26,552,159",17,0.15
Ghana,652,GHA,2006,"349,900,000",20,1.71
Ghana,652,GHA,2007,"842,800,000",25,3.4
Ghana,652,GHA,2008,"889,000,000",29,3.12
Ghana,652,GHA,2009,"1,230,000,000",26,4.81
Ghana,652,GHA,2010,"1,916,000,000",32,5.96
Ghana,652,GHA,2011,"1,928,000,000",40,4.87
Ghana,652,GHA,2012,"2,097,000,000",42,5
Ghana,652,GHA,2013,"2,425,000,000",48,5.07
Ghana,652,GHA,2014,"2,311,000,000",39,5.96
Ghana,652,GHA,2015,"2,188,000,000",37,5.93
Ghana,652,GHA,2016,"2,036,000,000",43,4.76
Ghana,652,GHA,2017,"1,825,000,000",47,3.88
Guinea,656,GIN,2000,"6,869,725",4,0.17
Guinea,656,GIN,2001,"6,151,864",4,0.16
Guinea,656,GIN,2002,"6,072,883",4,0.15
Guinea,656,GIN,2003,"6,045,497",5,0.13
Guinea,656,GIN,2004,"5,392,680",5,0.11
Guinea,656,GIN,2005,0,5,0
Guinea,656,GIN,2006,0,4,0
Guinea,656,GIN,2007,0,6,0
Guinea,656,GIN,2008,0,7,0
Guinea,656,GIN,2009,0,7,0
Guinea,656,GIN,2010,0,7,0
Guinea,656,GIN,2011,"298,400,000",6,4.95
Guinea,656,GIN,2012,"302,100,000",7,4.14
Guinea,656,GIN,2013,"304,800,000",8,3.64
Guinea,656,GIN,2014,"521,700,000",9,5.94
Guinea,656,GIN,2015,"524,700,000",9,5.97
Guinea,656,GIN,2016,"527,600,000",9,6.07
Guinea,656,GIN,2017,"530,700,000",10,5.18
Guyana,336,GUY,2000,0,1,0
Guyana,336,GUY,2001,0,1,0
Guyana,336,GUY,2002,0,1,0
Guyana,336,GUY,2003,0,1,0
Guyana,336,GUY,2004,0,1,0
Guyana,336,GUY,2005,"32,200,000",1,2.46
Guyana,336,GUY,2006,"32,200,000",1,2.21
Guyana,336,GUY,2007,"32,200,000",2,1.85
Guyana,336,GUY,2008,"71,160,000",2,3.71
Guyana,336,GUY,2009,"71,160,000",2,3.52
Guyana,336,GUY,2010,"71,160,000",2,3.15
Guyana,336,GUY,2011,"69,013,333",3,2.67
Guyana,336,GUY,2012,"197,600,000",3,6.9
Guyana,336,GUY,2013,"197,900,000",3,6.62
Guyana,336,GUY,2014,"196,900,000",3,6.39
Guyana,336,GUY,2015,"189,000,000",3,5.91
Guyana,336,GUY,2016,"174,700,000",4,4.99
Guyana,336,GUY,2017,"166,500,000",4,4.68
India,534,IND,2000,0,477,0
India,534,IND,2001,0,494,0
India,534,IND,2002,0,524,0
India,534,IND,2003,0,618,0
India,534,IND,2004,0,722,0
India,534,IND,2005,0,834,0
India,534,IND,2006,0,949,0
India,534,IND,2007,0,"1,239",0
India,534,IND,2008,"750,000,000","1,224",0.06
India,534,IND,2009,"848,000,000","1,365",0.06
India,534,IND,2010,"4,348,000,000","1,708",0.25
India,534,IND,2011,"4,348,000,000","1,823",0.24
India,534,IND,2012,"4,841,000,000","1,828",0.26
India,534,IND,2013,"4,901,000,000","1,857",0.26
India,534,IND,2014,"4,668,000,000","2,039",0.23
India,534,IND,2015,"4,435,000,000","2,102",0.21
India,534,IND,2016,"4,132,000,000","2,274",0.18
India,534,IND,2017,"3,603,000,000","2,602",0.14
Indonesia,536,IDN,2000,0,180,0
Indonesia,536,IDN,2001,0,175,0
Indonesia,536,IDN,2002,0,213,0
Indonesia,536,IDN,2003,"408,000,000",255,0.16
Indonesia,536,IDN,2004,"750,000,000",280,0.27
Indonesia,536,IDN,2005,"1,013,000,000",311,0.33
Indonesia,536,IDN,2006,"1,013,000,000",396,0.26
Indonesia,536,IDN,2007,"971,700,000",470,0.21
Indonesia,536,IDN,2008,"2,315,000,000",559,0.41
Indonesia,536,IDN,2009,"4,425,000,000",578,0.77
Indonesia,536,IDN,2010,"4,385,000,000",755,0.58
Indonesia,536,IDN,2011,"4,477,000,000",893,0.5
Indonesia,536,IDN,2012,"5,518,000,000",919,0.6
Indonesia,536,IDN,2013,"6,114,000,000",917,0.67
Indonesia,536,IDN,2014,"7,242,000,000",891,0.81
Indonesia,536,IDN,2015,"8,130,000,000",861,0.94
Indonesia,536,IDN,2016,"7,636,000,000",932,0.82
Indonesia,536,IDN,2017,"7,095,000,000","1,015",0.7
Iran,429,IRN,2000,0,366,0
Iran,429,IRN,2001,0,334,0
Iran,429,IRN,2002,0,130,0
Iran,429,IRN,2003,0,153,0
Iran,429,IRN,2004,0,187,0
Iran,429,IRN,2005,0,228,0
Iran,429,IRN,2006,0,270,0
Iran,429,IRN,2007,0,352,0
Iran,429,IRN,2008,0,406,0
Iran,429,IRN,2009,0,411,0
Iran,429,IRN,2010,0,482,0
Iran,429,IRN,2011,0,577,0
Iran,429,IRN,2012,0,389,0
Iran,429,IRN,2013,0,396,0
Iran,429,IRN,2014,"2,149,000,000",423,0.51
Iran,429,IRN,2015,"1,797,000,000",375,0.48
Iran,429,IRN,2016,"1,792,000,000",404,0.44
Iran,429,IRN,2017,"2,826,000,000",431,0.66
Jamaica,343,JAM,2000,0,9,0
Jamaica,343,JAM,2001,0,9,0
Jamaica,343,JAM,2002,0,10,0
Jamaica,343,JAM,2003,0,9,0
Jamaica,343,JAM,2004,0,10,0
Jamaica,343,JAM,2005,"35,000,000",11,0.31
Jamaica,343,JAM,2006,"35,000,000",12,0.29
Jamaica,343,JAM,2007,"35,000,000",13,0.27
Jamaica,343,JAM,2008,"80,000,000",14,0.58
Jamaica,343,JAM,2009,"80,000,000",12,0.66
Jamaica,343,JAM,2010,"478,100,000",13,3.62
Jamaica,343,JAM,2011,"549,100,000",14,3.81
Jamaica,343,JAM,2012,"545,600,000",15,3.69
Jamaica,343,JAM,2013,"1,350,100,000",14,9.5
Jamaica,343,JAM,2014,"1,346,600,000",14,9.72
Jamaica,343,JAM,2015,"1,338,600,000",14,9.46
Jamaica,343,JAM,2016,"1,330,600,000",14,9.49
Jamaica,343,JAM,2017,"1,608,790,000",15,10.89
Jordan,439,JOR,2000,0,8,0
Jordan,439,JOR,2001,0,9,0
Jordan,439,JOR,2002,0,10,0
Jordan,439,JOR,2003,"7,973,868",10,0.08
Jordan,439,JOR,2004,"31,974,095",11,0.28
Jordan,439,JOR,2005,"32,054,363",13,0.25
Jordan,439,JOR,2006,"32,277,483",15,0.21
Jordan,439,JOR,2007,"35,275,612",17,0.21
Jordan,439,JOR,2008,"36,098,241",22,0.16
Jordan,439,JOR,2009,"36,261,247",24,0.15
Jordan,439,JOR,2010,"33,936,129",26,0.13
Jordan,439,JOR,2011,"31,912,006",29,0.11
Jordan,439,JOR,2012,"29,641,792",31,0.1
Jordan,439,JOR,2013,"27,301,633",34,0.08
Jordan,439,JOR,2014,"24,650,187",36,0.07
Jordan,439,JOR,2015,"21,865,753",38,0.06
Jordan,439,JOR,2016,"1,642,000,000",39,4.24
Jordan,439,JOR,2017,"1,639,000,000",40,4.08
Kazakhstan,916,KAZ,2000,0,18,0
Kazakhstan,916,KAZ,2001,0,22,0
Kazakhstan,916,KAZ,2002,"172,000,000",25,0.7
Kazakhstan,916,KAZ,2003,"172,000,000",31,0.56
Kazakhstan,916,KAZ,2004,"172,000,000",43,0.4
Kazakhstan,916,KAZ,2005,"172,000,000",57,0.3
Kazakhstan,916,KAZ,2006,"372,000,000",81,0.46
Kazakhstan,916,KAZ,2007,"664,800,000",105,0.63
Kazakhstan,916,KAZ,2008,"864,800,000",133,0.65
Kazakhstan,916,KAZ,2009,"843,300,000",115,0.73
Kazakhstan,916,KAZ,2010,"1,034,000,000",148,0.7
Kazakhstan,916,KAZ,2011,"4,372,000,000",193,2.27
Kazakhstan,916,KAZ,2012,"6,869,000,000",208,3.3
Kazakhstan,916,KAZ,2013,"7,211,000,000",237,3.05
Kazakhstan,916,KAZ,2014,"7,098,000,000",221,3.21
Kazakhstan,916,KAZ,2015,"6,782,000,000",184,3.68
Kazakhstan,916,KAZ,2016,"6,311,000,000",137,4.6
Kazakhstan,916,KAZ,2017,"5,830,000,000",159,3.66
Kenya,664,KEN,2000,0,14,0
Kenya,664,KEN,2001,"19,092,452",15,0.13
Kenya,664,KEN,2002,"19,048,307",15,0.13
Kenya,664,KEN,2003,"22,853,292",17,0.14
Kenya,664,KEN,2004,"22,045,695",18,0.12
Kenya,664,KEN,2005,"117,000,000",21,0.56
Kenya,664,KEN,2006,"221,300,000",26,0.86
Kenya,664,KEN,2007,"396,900,000",32,1.24
Kenya,664,KEN,2008,"717,400,000",36,2
Kenya,664,KEN,2009,"964,600,000",37,2.61
Kenya,664,KEN,2010,"1,211,000,000",40,3.03
Kenya,664,KEN,2011,"1,895,000,000",42,4.55
Kenya,664,KEN,2012,"2,636,000,000",50,5.23
Kenya,664,KEN,2013,"2,791,000,000",55,5.06
Kenya,664,KEN,2014,"7,116,000,000",62,11.56
Kenya,664,KEN,2015,"9,774,000,000",64,15.21
Kenya,664,KEN,2016,"9,619,000,000",71,13.57
Kenya,664,KEN,2017,"9,753,000,000",79,12.31
Kyrgyz Republic,917,KGZ,2000,0,1,0
Kyrgyz Republic,917,KGZ,2001,0,2,0
Kyrgyz Republic,917,KGZ,2002,0,2,0
Kyrgyz Republic,917,KGZ,2003,0,2,0
Kyrgyz Republic,917,KGZ,2004,0,2,0
Kyrgyz Republic,917,KGZ,2005,0,2,0
Kyrgyz Republic,917,KGZ,2006,"77,551,676",3,2.73
Kyrgyz Republic,917,KGZ,2007,"77,539,732",4,2.04
Kyrgyz Republic,917,KGZ,2008,"170,800,000",5,3.32
Kyrgyz Republic,917,KGZ,2009,"370,800,000",5,7.91
Kyrgyz Republic,917,KGZ,2010,"370,800,000",5,7.73
Kyrgyz Republic,917,KGZ,2011,"670,300,000",6,10.81
Kyrgyz Republic,917,KGZ,2012,"1,326,000,000",7,20.08
Kyrgyz Republic,917,KGZ,2013,"2,402,000,000",7,32.75
Kyrgyz Republic,917,KGZ,2014,"2,409,000,000",7,32.26
Kyrgyz Republic,917,KGZ,2015,"2,392,000,000",7,35.82
Kyrgyz Republic,917,KGZ,2016,"2,356,000,000",7,34.58
Kyrgyz Republic,917,KGZ,2017,"2,305,000,000",8,30.47
Laos,544,LAO,2000,0,2,0
Laos,544,LAO,2001,"138,000,000",2,7.85
Laos,544,LAO,2002,"138,000,000",2,7.48
Laos,544,LAO,2003,"138,000,000",2,6.11
Laos,544,LAO,2004,"182,200,000",3,6.88
Laos,544,LAO,2005,"182,000,000",3,5.97
Laos,544,LAO,2006,"139,200,000",4,3.56
Laos,544,LAO,2007,"301,200,000",5,6.33
Laos,544,LAO,2008,"298,000,000",6,5.01
Laos,544,LAO,2009,"722,200,000",6,11.23
Laos,544,LAO,2010,"881,300,000",8,11.74
Laos,544,LAO,2011,"2,396,000,000",9,26.73
Laos,544,LAO,2012,"3,182,000,000",10,31.2
Laos,544,LAO,2013,"3,255,000,000",12,27.19
Laos,544,LAO,2014,"3,558,000,000",13,26.81
Laos,544,LAO,2015,"3,866,000,000",14,26.92
Laos,544,LAO,2016,"4,181,000,000",16,26.26
Laos,544,LAO,2017,"4,431,000,000",17,26.11
Lebanon,446,LBN,2000,0,17,0
Lebanon,446,LBN,2001,0,17,0
Lebanon,446,LBN,2002,0,19,0
Lebanon,446,LBN,2003,"6,000,000",19,0.03
Lebanon,446,LBN,2004,"6,000,000",21,0.03
Lebanon,446,LBN,2005,"6,000,000",21,0.03
Lebanon,446,LBN,2006,"6,000,000",22,0.03
Lebanon,446,LBN,2007,"6,000,000",25,0.02
Lebanon,446,LBN,2008,"6,000,000",29,0.02
Lebanon,446,LBN,2009,"6,000,000",35,0.02
Lebanon,446,LBN,2010,"5,500,000",38,0.01
Lebanon,446,LBN,2011,"5,000,000",40,0.01
Lebanon,446,LBN,2012,"4,500,000",44,0.01
Lebanon,446,LBN,2013,"4,000,000",46,0.01
Lebanon,446,LBN,2014,"3,500,000",49,0.01
Lebanon,446,LBN,2015,"3,000,000",50,0.01
Lebanon,446,LBN,2016,"2,500,000",51,0
Lebanon,446,LBN,2017,"2,000,000",54,0
Lesotho,666,LSO,2000,0,1,0
Lesotho,666,LSO,2001,0,1,0
Lesotho,666,LSO,2002,0,1,0
Lesotho,666,LSO,2003,"1,115,605",1,0.09
Lesotho,666,LSO,2004,"1,278,351",1,0.09
Lesotho,666,LSO,2005,"1,249,927",2,0.08
Lesotho,666,LSO,2006,"31,136,795",2,1.91
Lesotho,666,LSO,2007,"31,121,839",2,1.65
Lesotho,666,LSO,2008,"30,903,242",2,1.76
Lesotho,666,LSO,2009,"31,022,556",2,1.5
Lesotho,666,LSO,2010,"31,019,528",3,1.23
Lesotho,666,LSO,2011,"59,517,609",3,2.14
Lesotho,666,LSO,2012,"61,739,044",3,2.33
Lesotho,666,LSO,2013,"55,553,805",3,2.22
Lesotho,666,LSO,2014,"51,681,754",3,1.95
Lesotho,666,LSO,2015,"45,743,466",2,1.95
Lesotho,666,LSO,2016,"43,390,706",2,1.78
Lesotho,666,LSO,2017,"42,590,672",3,1.55
Liberia,668,LBR,2000,0,1,0
Liberia,668,LBR,2001,0,1,0
Liberia,668,LBR,2002,0,1,0
Liberia,668,LBR,2003,0,1,0
Liberia,668,LBR,2004,0,1,0
Liberia,668,LBR,2005,0,1,0
Liberia,668,LBR,2006,"10,000,000",1,0.89
Liberia,668,LBR,2007,"9,000,000",1,0.66
Liberia,668,LBR,2008,"9,000,000",2,0.52
Liberia,668,LBR,2009,"9,000,000",2,0.51
Liberia,668,LBR,2010,"9,000,000",2,0.45
Liberia,668,LBR,2011,"27,000,000",2,1.13
Liberia,668,LBR,2012,"27,000,000",3,0.99
Liberia,668,LBR,2013,"26,166,667",3,0.85
Liberia,668,LBR,2014,"25,416,667",3,0.81
Liberia,668,LBR,2015,"24,666,667",3,0.78
Liberia,668,LBR,2016,"23,916,667",3,0.73
Liberia,668,LBR,2017,"23,166,667",3,0.71
"Macedonia, FYR",962,MKD,2000,0,4,0
"Macedonia, FYR",962,MKD,2001,"1,000,000",4,0.03
"Macedonia, FYR",962,MKD,2002,"88,000,000",4,2.2
"Macedonia, FYR",962,MKD,2003,"88,000,000",5,1.78
"Macedonia, FYR",962,MKD,2004,"88,000,000",6,1.55
"Macedonia, FYR",962,MKD,2005,"88,000,000",6,1.41
"Macedonia, FYR",962,MKD,2006,"88,000,000",7,1.28
"Macedonia, FYR",962,MKD,2007,"77,125,000",8,0.93
"Macedonia, FYR",962,MKD,2008,"66,166,667",10,0.67
"Macedonia, FYR",962,MKD,2009,"55,208,333",9,0.59
"Macedonia, FYR",962,MKD,2010,"44,250,000",9,0.47
"Macedonia, FYR",962,MKD,2011,"33,291,667",11,0.31
"Macedonia, FYR",962,MKD,2012,"22,333,333",10,0.23
"Macedonia, FYR",962,MKD,2013,"591,400,000",11,5.47
"Macedonia, FYR",962,MKD,2014,"580,400,000",11,5.1
"Macedonia, FYR",962,MKD,2015,"580,300,000",10,5.76
"Macedonia, FYR",962,MKD,2016,"580,300,000",11,5.39
"Macedonia, FYR",962,MKD,2017,"580,200,000",11,5.1
Madagascar,674,MDG,2000,0,4,0
Madagascar,674,MDG,2001,0,5,0
Madagascar,674,MDG,2002,0,4,0
Madagascar,674,MDG,2003,0,5,0
Madagascar,674,MDG,2004,0,4,0
Madagascar,674,MDG,2005,"14,000,000",5,0.28
Madagascar,674,MDG,2006,"14,000,000",6,0.25
Madagascar,674,MDG,2007,"56,000,000",7,0.76
Madagascar,674,MDG,2008,"196,500,000",9,2.09
Madagascar,674,MDG,2009,"198,900,000",9,2.33
Madagascar,674,MDG,2010,"200,200,000",9,2.29
Madagascar,674,MDG,2011,"208,400,000",10,2.11
Madagascar,674,MDG,2012,"210,800,000",10,2.13
Madagascar,674,MDG,2013,"212,600,000",11,2.01
Madagascar,674,MDG,2014,"209,200,000",11,1.96
Madagascar,674,MDG,2015,"186,700,000",10,1.92
Madagascar,674,MDG,2016,"158,500,000",10,1.59
Madagascar,674,MDG,2017,"137,400,000",12,1.19
Malawi,676,MWI,2000,0,3,0
Malawi,676,MWI,2001,0,3,0
Malawi,676,MWI,2002,0,3,0
Malawi,676,MWI,2003,0,3,0
Malawi,676,MWI,2004,0,3,0
Malawi,676,MWI,2005,0,4,0
Malawi,676,MWI,2006,0,4,0
Malawi,676,MWI,2007,0,4,0
Malawi,676,MWI,2008,0,5,0
Malawi,676,MWI,2009,"157,300,000",6,2.54
Malawi,676,MWI,2010,"217,300,000",7,3.12
Malawi,676,MWI,2011,"297,300,000",8,3.72
Malawi,676,MWI,2012,"297,300,000",6,4.97
Malawi,676,MWI,2013,"297,300,000",5,5.47
Malawi,676,MWI,2014,"305,300,000",6,5.04
Malawi,676,MWI,2015,"305,300,000",6,4.77
Malawi,676,MWI,2016,"314,400,000",5,5.74
Malawi,676,MWI,2017,"289,200,000",6,4.63
Malaysia,548,MYS,2000,0,101,0
Malaysia,548,MYS,2001,0,100,0
Malaysia,548,MYS,2002,0,108,0
Malaysia,548,MYS,2003,0,118,0
Malaysia,548,MYS,2004,0,134,0
Malaysia,548,MYS,2005,0,148,0
Malaysia,548,MYS,2006,0,168,0
Malaysia,548,MYS,2007,"800,000,000",200,0.4
Malaysia,548,MYS,2008,"800,000,000",239,0.34
Malaysia,548,MYS,2009,"800,000,000",209,0.38
Malaysia,548,MYS,2010,"800,000,000",255,0.31
Malaysia,548,MYS,2011,"800,000,000",299,0.27
Malaysia,548,MYS,2012,"800,000,000",314,0.26
Malaysia,548,MYS,2013,"800,000,000",325,0.25
Malaysia,548,MYS,2014,"742,900,000",340,0.22
Malaysia,548,MYS,2015,"685,700,000",302,0.23
Malaysia,548,MYS,2016,"11,940,000,000",298,4.01
Malaysia,548,MYS,2017,"12,460,000,000",312,3.99
Maldives,556,MDV,2000,0,1,0
Maldives,556,MDV,2001,0,1,0
Maldives,556,MDV,2002,0,1,0
Maldives,556,MDV,2003,0,1,0
Maldives,556,MDV,2004,0,1,0
Maldives,556,MDV,2005,0,1,0
Maldives,556,MDV,2006,"3,100,000",2,0.2
Maldives,556,MDV,2007,"3,100,000",2,0.17
Maldives,556,MDV,2008,"3,100,000",2,0.14
Maldives,556,MDV,2009,"3,100,000",2,0.13
Maldives,556,MDV,2010,"74,145,921",3,2.86
Maldives,556,MDV,2011,"77,541,365",3,2.95
Maldives,556,MDV,2012,"234,900,000",3,8.14
Maldives,556,MDV,2013,"239,000,000",3,7.28
Maldives,556,MDV,2014,"297,700,000",4,8.07
Maldives,556,MDV,2015,"668,000,000",4,16.72
Maldives,556,MDV,2016,"796,900,000",4,18.92
Maldives,556,MDV,2017,"1,441,000,000",5,31.99
Mali,678,MLI,2000,0,3,0
Mali,678,MLI,2001,0,3,0
Mali,678,MLI,2002,0,4,0
Mali,678,MLI,2003,0,5,0
Mali,678,MLI,2004,0,5,0
Mali,678,MLI,2005,0,6,0
Mali,678,MLI,2006,0,7,0
Mali,678,MLI,2007,"5,257,947",8,0.06
Mali,678,MLI,2008,"5,756,510",10,0.06
Mali,678,MLI,2009,"16,102,079",10,0.16
Mali,678,MLI,2010,"168,000,000",11,1.57
Mali,678,MLI,2011,"226,600,000",13,1.74
Mali,678,MLI,2012,"257,000,000",12,2.06
Mali,678,MLI,2013,"674,000,000",13,5.09
Mali,678,MLI,2014,"851,000,000",14,5.92
Mali,678,MLI,2015,"815,600,000",13,6.22
Mali,678,MLI,2016,"800,500,000",14,5.71
Mali,678,MLI,2017,"786,100,000",15,5.11
Mauritania,682,MRT,2000,0,1,0
Mauritania,682,MRT,2001,0,1,0
Mauritania,682,MRT,2002,0,1,0
Mauritania,682,MRT,2003,0,2,0
Mauritania,682,MRT,2004,0,2,0
Mauritania,682,MRT,2005,"136,000,000",2,6.23
Mauritania,682,MRT,2006,"136,000,000",3,4.47
Mauritania,682,MRT,2007,"75,000,000",3,2.25
Mauritania,682,MRT,2008,"362,800,000",4,9.19
Mauritania,682,MRT,2009,"366,100,000",4,9.98
Mauritania,682,MRT,2010,"358,300,000",4,8.27
Mauritania,682,MRT,2011,"371,700,000",5,7.18
Mauritania,682,MRT,2012,"369,000,000",5,7.05
Mauritania,682,MRT,2013,"495,900,000",6,8.66
Mauritania,682,MRT,2014,"475,000,000",5,8.81
Mauritania,682,MRT,2015,"443,800,000",5,9.18
Mauritania,682,MRT,2016,"399,000,000",5,8.51
Mauritania,682,MRT,2017,"368,800,000",5,7.47
Mauritius,684,MUS,2000,"34,284,440",5,0.7
Mauritius,684,MUS,2001,"33,310,583",5,0.69
Mauritius,684,MUS,2002,"46,951,863",5,0.93
Mauritius,684,MUS,2003,"67,962,756",6,1.12
Mauritius,684,MUS,2004,"71,093,118",7,1.03
Mauritius,684,MUS,2005,"73,055,408",7,1.08
Mauritius,684,MUS,2006,"188,900,000",7,2.69
Mauritius,684,MUS,2007,"256,200,000",8,3.14
Mauritius,684,MUS,2008,"277,000,000",10,2.77
Mauritius,684,MUS,2009,"1,321,000,000",9,14.47
Mauritius,684,MUS,2010,"1,349,000,000",10,13.49
Mauritius,684,MUS,2011,"1,415,000,000",12,12.28
Mauritius,684,MUS,2012,"1,351,000,000",12,11.58
Mauritius,684,MUS,2013,"1,241,000,000",12,10.23
Mauritius,684,MUS,2014,"1,124,000,000",13,8.78
Mauritius,684,MUS,2015,"925,600,000",12,7.92
Mauritius,684,MUS,2016,"776,600,000",12,6.35
Mauritius,684,MUS,2017,"663,100,000",13,4.97
Mexico,273,MEX,2000,0,708,0
Mexico,273,MEX,2001,0,757,0
Mexico,273,MEX,2002,0,772,0
Mexico,273,MEX,2003,0,729,0
Mexico,273,MEX,2004,0,782,0
Mexico,273,MEX,2005,0,878,0
Mexico,273,MEX,2006,0,975,0
Mexico,273,MEX,2007,0,"1,053",0
Mexico,273,MEX,2008,0,"1,110",0
Mexico,273,MEX,2009,"1,000,000,000",900,0.11
Mexico,273,MEX,2010,"1,000,000,000","1,058",0.09
Mexico,273,MEX,2011,"1,375,000,000","1,180",0.12
Mexico,273,MEX,2012,"1,375,000,000","1,201",0.11
Mexico,273,MEX,2013,"1,275,000,000","1,274",0.1
Mexico,273,MEX,2014,"1,175,000,000","1,315",0.09
Mexico,273,MEX,2015,"1,021,000,000","1,171",0.09
Mexico,273,MEX,2016,"867,900,000","1,078",0.08
Mexico,273,MEX,2017,"714,300,000","1,151",0.06
Mongolia,948,MNG,2000,0,1,0
Mongolia,948,MNG,2001,0,1,0
Mongolia,948,MNG,2002,0,2,0
Mongolia,948,MNG,2003,0,2,0
Mongolia,948,MNG,2004,0,2,0
Mongolia,948,MNG,2005,0,3,0
Mongolia,948,MNG,2006,0,3,0
Mongolia,948,MNG,2007,0,4,0
Mongolia,948,MNG,2008,0,6,0
Mongolia,948,MNG,2009,0,5,0
Mongolia,948,MNG,2010,0,7,0
Mongolia,948,MNG,2011,"500,000,000",10,4.8
Mongolia,948,MNG,2012,"700,000,000",12,5.7
Mongolia,948,MNG,2013,"700,000,000",13,5.56
Mongolia,948,MNG,2014,"1,159,000,000",12,9.48
Mongolia,948,MNG,2015,"2,159,000,000",12,18.37
Mongolia,948,MNG,2016,"2,282,000,000",11,20.45
Mongolia,948,MNG,2017,"2,317,000,000",11,20.8
Montenegro,943,MNE,2006,0,3,0
Montenegro,943,MNE,2007,0,4,0
Montenegro,943,MNE,2008,0,5,0
Montenegro,943,MNE,2009,0,4,0
Montenegro,943,MNE,2010,0,4,0
Montenegro,943,MNE,2011,0,5,0
Montenegro,943,MNE,2012,0,4,0
Montenegro,943,MNE,2013,0,4,0
Montenegro,943,MNE,2014,"912,900,000",5,19.87
Montenegro,943,MNE,2015,"762,200,000",4,18.8
Montenegro,943,MNE,2016,"760,300,000",4,17.37
Montenegro,943,MNE,2017,"775,700,000",5,16.21
Morocco,686,MAR,2000,0,39,0
Morocco,686,MAR,2001,0,39,0
Morocco,686,MAR,2002,"1,207,087",42,0
Morocco,686,MAR,2003,"1,207,081",52,0
Morocco,686,MAR,2004,"16,337,076",60,0.03
Morocco,686,MAR,2005,"16,495,456",62,0.03
Morocco,686,MAR,2006,"16,935,705",69,0.02
Morocco,686,MAR,2007,"17,721,273",79,0.02
Morocco,686,MAR,2008,"19,344,442",93,0.02
Morocco,686,MAR,2009,"19,544,785",93,0.02
Morocco,686,MAR,2010,"19,594,562",93,0.02
Morocco,686,MAR,2011,"266,400,000",101,0.26
Morocco,686,MAR,2012,"264,800,000",98,0.27
Morocco,686,MAR,2013,"562,800,000",107,0.53
Morocco,686,MAR,2014,"960,800,000",110,0.87
Morocco,686,MAR,2015,"958,400,000",101,0.95
Morocco,686,MAR,2016,"955,800,000",103,0.93
Morocco,686,MAR,2017,"953,700,000",109,0.87
Mozambique,688,MOZ,2000,0,5,0
Mozambique,688,MOZ,2001,0,5,0
Mozambique,688,MOZ,2002,0,5,0
Mozambique,688,MOZ,2003,0,6,0
Mozambique,688,MOZ,2004,"3,900,000",7,0.06
Mozambique,688,MOZ,2005,0,8,0
Mozambique,688,MOZ,2006,"66,400,000",8,0.8
Mozambique,688,MOZ,2007,"266,300,000",9,2.81
Mozambique,688,MOZ,2008,"284,300,000",12,2.46
Mozambique,688,MOZ,2009,"334,300,000",11,2.97
Mozambique,688,MOZ,2010,"441,500,000",10,4.22
Mozambique,688,MOZ,2011,"1,155,000,000",13,8.8
Mozambique,688,MOZ,2012,"1,465,000,000",15,9.65
Mozambique,688,MOZ,2013,"1,899,000,000",16,11.86
Mozambique,688,MOZ,2014,"2,127,000,000",17,12.61
Mozambique,688,MOZ,2015,"2,103,000,000",15,14.21
Mozambique,688,MOZ,2016,"2,075,000,000",11,19.04
Mozambique,688,MOZ,2017,"1,991,000,000",13,15.81
Myanmar,518,MMR,2000,"228,300,000",10,2.23
Myanmar,518,MMR,2001,"228,300,000",7,3.06
Myanmar,518,MMR,2002,"156,300,000",8,2
Myanmar,518,MMR,2003,"356,300,000",12,2.95
Myanmar,518,MMR,2004,"558,100,000",12,4.59
Myanmar,518,MMR,2005,"559,500,000",14,4.05
Myanmar,518,MMR,2006,"730,400,000",17,4.37
Myanmar,518,MMR,2007,"713,700,000",23,3.07
Myanmar,518,MMR,2008,"700,100,000",34,2.03
Myanmar,518,MMR,2009,"683,900,000",38,1.8
Myanmar,518,MMR,2010,"638,500,000",50,1.29
Myanmar,518,MMR,2011,"574,600,000",60,0.96
Myanmar,518,MMR,2012,"508,400,000",60,0.85
Myanmar,518,MMR,2013,"626,000,000",60,1.04
Myanmar,518,MMR,2014,"551,200,000",66,0.84
Myanmar,518,MMR,2015,"476,300,000",59,0.8
Myanmar,518,MMR,2016,"402,800,000",63,0.64
Myanmar,518,MMR,2017,"336,700,000",67,0.5
Namibia,728,NAM,2000,"1,730,148",4,0.04
Namibia,728,NAM,2001,"1,394,983",4,0.04
Namibia,728,NAM,2002,"1,141,067",3,0.03
Namibia,728,NAM,2003,"1,586,447",5,0.03
Namibia,728,NAM,2004,"6,511,727",7,0.1
Namibia,728,NAM,2005,"46,073,050",7,0.63
Namibia,728,NAM,2006,"49,029,649",8,0.61
Namibia,728,NAM,2007,"97,068,950",9,1.11
Namibia,728,NAM,2008,"93,897,055",8,1.11
Namibia,728,NAM,2009,"93,690,784",9,1.05
Namibia,728,NAM,2010,"100,500,000",11,0.89
Namibia,728,NAM,2011,"158,900,000",12,1.28
Namibia,728,NAM,2012,"266,200,000",13,2.04
Namibia,728,NAM,2013,"246,000,000",13,1.93
Namibia,728,NAM,2014,"230,200,000",13,1.8
Namibia,728,NAM,2015,"212,500,000",12,1.8
Namibia,728,NAM,2016,"196,400,000",11,1.74
Namibia,728,NAM,2017,"193,500,000",13,1.46
Nepal,558,NPL,2000,0,6,0
Nepal,558,NPL,2001,0,6,0
Nepal,558,NPL,2002,0,6,0
Nepal,558,NPL,2003,0,6,0
Nepal,558,NPL,2004,0,7,0
Nepal,558,NPL,2005,0,8,0
Nepal,558,NPL,2006,0,9,0
Nepal,558,NPL,2007,0,10,0
Nepal,558,NPL,2008,"4,000,000",13,0.03
Nepal,558,NPL,2009,"204,000,000",13,1.59
Nepal,558,NPL,2010,"204,000,000",16,1.28
Nepal,558,NPL,2011,"418,200,000",19,2.2
Nepal,558,NPL,2012,"407,100,000",19,2.16
Nepal,558,NPL,2013,"435,400,000",19,2.26
Nepal,558,NPL,2014,"643,200,000",20,3.22
Nepal,558,NPL,2015,"641,500,000",21,3
Nepal,558,NPL,2016,"614,400,000",21,2.9
Nepal,558,NPL,2017,"587,800,000",25,2.36
Niger,692,NER,2000,0,2,0
Niger,692,NER,2001,0,2,0
Niger,692,NER,2002,0,2,0
Niger,692,NER,2003,0,3,0
Niger,692,NER,2004,0,3,0
Niger,692,NER,2005,0,3,0
Niger,692,NER,2006,"40,000,000",4,1.1
Niger,692,NER,2007,"40,000,000",4,0.93
Niger,692,NER,2008,"40,000,000",5,0.74
Niger,692,NER,2009,"40,000,000",5,0.74
Niger,692,NER,2010,"40,000,000",6,0.7
Niger,692,NER,2011,"182,500,000",6,2.84
Niger,692,NER,2012,"179,200,000",7,2.58
Niger,692,NER,2013,"2,251,000,000",8,29.35
Niger,692,NER,2014,"2,248,000,000",8,27.27
Niger,692,NER,2015,"2,225,000,000",7,30.81
Niger,692,NER,2016,"2,222,000,000",8,29.5
Niger,692,NER,2017,"2,220,000,000",8,26.99
Nigeria,694,NGA,2000,0,68,0
Nigeria,694,NGA,2001,0,73,0
Nigeria,694,NGA,2002,"390,000,000",94,0.41
Nigeria,694,NGA,2003,"390,000,000",103,0.38
Nigeria,694,NGA,2004,"390,000,000",130,0.3
Nigeria,694,NGA,2005,"390,000,000",170,0.23
Nigeria,694,NGA,2006,"590,000,000",223,0.26
Nigeria,694,NGA,2007,"590,000,000",262,0.23
Nigeria,694,NGA,2008,"590,000,000",330,0.18
Nigeria,694,NGA,2009,"590,000,000",298,0.2
Nigeria,694,NGA,2010,"590,000,000",369,0.16
Nigeria,694,NGA,2011,"492,500,000",414,0.12
Nigeria,694,NGA,2012,"683,030,000",461,0.15
Nigeria,694,NGA,2013,"966,700,000",515,0.19
Nigeria,694,NGA,2014,"1,293,130,000",569,0.23
Nigeria,694,NGA,2015,"1,444,730,000",494,0.29
Nigeria,694,NGA,2016,"1,638,060,000",405,0.4
Nigeria,694,NGA,2017,"1,930,980,000",376,0.51
Oman,449,OMN,2000,0,20,0
Oman,449,OMN,2001,0,19,0
Oman,449,OMN,2002,0,20,0
Oman,449,OMN,2003,0,22,0
Oman,449,OMN,2004,0,25,0
Oman,449,OMN,2005,0,31,0
Oman,449,OMN,2006,0,37,0
Oman,449,OMN,2007,0,42,0
Oman,449,OMN,2008,0,61,0
Oman,449,OMN,2009,0,48,0
Oman,449,OMN,2010,0,57,0
Oman,449,OMN,2011,0,68,0
Oman,449,OMN,2012,0,77,0
Oman,449,OMN,2013,0,79,0
Oman,449,OMN,2014,0,81,0
Oman,449,OMN,2015,0,69,0
Oman,449,OMN,2016,0,66,0
Oman,449,OMN,2017,"3,600,000,000",71,5.09
Pakistan,564,PAK,2000,"2,461,688",80,0
Pakistan,564,PAK,2001,"789,700,000",78,1.01
Pakistan,564,PAK,2002,"808,400,000",78,1.04
Pakistan,564,PAK,2003,"1,269,000,000",90,1.41
Pakistan,564,PAK,2004,"1,269,000,000",106,1.2
Pakistan,564,PAK,2005,"1,265,000,000",119,1.07
Pakistan,564,PAK,2006,"1,730,000,000",137,1.26
Pakistan,564,PAK,2007,"1,673,000,000",152,1.1
Pakistan,564,PAK,2008,"2,627,000,000",171,1.54
Pakistan,564,PAK,2009,"3,378,000,000",168,2.01
Pakistan,564,PAK,2010,"4,743,000,000",177,2.68
Pakistan,564,PAK,2011,"6,274,000,000",214,2.94
Pakistan,564,PAK,2012,"6,149,000,000",224,2.74
Pakistan,564,PAK,2013,"6,472,000,000",231,2.8
Pakistan,564,PAK,2014,"18,200,000,000",244,7.45
Pakistan,564,PAK,2015,"31,340,000,000",271,11.58
Pakistan,564,PAK,2016,"31,840,000,000",279,11.42
Pakistan,564,PAK,2017,"35,310,000,000",305,11.58
Papua New Guinea,853,PNG,2000,"5,000,000",5,0.1
Papua New Guinea,853,PNG,2001,"5,000,000",5,0.11
Papua New Guinea,853,PNG,2002,"5,000,000",5,0.11
Papua New Guinea,853,PNG,2003,"5,000,000",6,0.09
Papua New Guinea,853,PNG,2004,"5,000,000",6,0.08
Papua New Guinea,853,PNG,2005,"5,000,000",7,0.07
Papua New Guinea,853,PNG,2006,"5,000,000",8,0.06
Papua New Guinea,853,PNG,2007,"4,583,333",10,0.05
Papua New Guinea,853,PNG,2008,"4,166,667",12,0.04
Papua New Guinea,853,PNG,2009,"77,750,000",12,0.67
Papua New Guinea,853,PNG,2010,"167,300,000",14,1.17
Papua New Guinea,853,PNG,2011,"172,000,000",18,0.96
Papua New Guinea,853,PNG,2012,"212,100,000",21,1
Papua New Guinea,853,PNG,2013,"331,400,000",21,1.56
Papua New Guinea,853,PNG,2014,"327,300,000",23,1.42
Papua New Guinea,853,PNG,2015,"322,600,000",21,1.56
Papua New Guinea,853,PNG,2016,"480,200,000",19,2.54
Papua New Guinea,853,PNG,2017,"1,139,000,000",20,5.75
Peru,293,PER,2000,0,51,0
Peru,293,PER,2001,0,52,0
Peru,293,PER,2002,0,54,0
Peru,293,PER,2003,"1,200,000",59,0
Peru,293,PER,2004,"2,200,000",67,0
Peru,293,PER,2005,"2,200,000",75,0
Peru,293,PER,2006,"3,400,000",88,0
Peru,293,PER,2007,"6,239,291",102,0.01
Peru,293,PER,2008,"2,007,000,000",122,1.65
Peru,293,PER,2009,"2,007,000,000",121,1.65
Peru,293,PER,2010,"2,006,000,000",149,1.35
Peru,293,PER,2011,"2,186,000,000",171,1.28
Peru,293,PER,2012,"2,150,000,000",193,1.11
Peru,293,PER,2013,"2,114,000,000",202,1.05
Peru,293,PER,2014,"8,116,000,000",202,4.01
Peru,293,PER,2015,"7,879,000,000",192,4.11
Peru,293,PER,2016,"7,642,000,000",195,3.93
Peru,293,PER,2017,"7,870,000,000",214,3.67
Philippines,566,PHL,2000,0,81,0
Philippines,566,PHL,2001,"35,000,000",76,0.05
Philippines,566,PHL,2002,"372,000,000",81,0.46
Philippines,566,PHL,2003,"357,000,000",84,0.43
Philippines,566,PHL,2004,"341,400,000",91,0.37
Philippines,566,PHL,2005,"336,400,000",103,0.33
Philippines,566,PHL,2006,"398,100,000",122,0.33
Philippines,566,PHL,2007,"575,600,000",149,0.39
Philippines,566,PHL,2008,"583,700,000",174,0.34
Philippines,566,PHL,2009,"516,900,000",169,0.31
Philippines,566,PHL,2010,"1,210,000,000",200,0.61
Philippines,566,PHL,2011,"1,197,000,000",224,0.53
Philippines,566,PHL,2012,"1,173,000,000",250,0.47
Philippines,566,PHL,2013,"1,113,000,000",272,0.41
Philippines,566,PHL,2014,"1,038,000,000",285,0.36
Philippines,566,PHL,2015,"973,000,000",293,0.33
Philippines,566,PHL,2016,"841,400,000",305,0.28
Philippines,566,PHL,2017,"1,010,000,000",314,0.32
Romania,968,ROM,2000,0,37,0
Romania,968,ROM,2001,0,41,0
Romania,968,ROM,2002,"300,000,000",46,0.65
Romania,968,ROM,2003,"400,000,000",60,0.67
Romania,968,ROM,2004,"530,000,000",76,0.7
Romania,968,ROM,2005,"530,000,000",100,0.53
Romania,968,ROM,2006,"500,000,000",124,0.4
Romania,968,ROM,2007,"470,000,000",176,0.27
Romania,968,ROM,2008,"423,800,000",214,0.2
Romania,968,ROM,2009,"377,500,000",173,0.22
Romania,968,ROM,2010,"321,300,000",167,0.19
Romania,968,ROM,2011,"265,000,000",184,0.14
Romania,968,ROM,2012,"208,800,000",172,0.12
Romania,968,ROM,2013,"152,500,000",191,0.08
Romania,968,ROM,2014,"96,250,000",200,0.05
Romania,968,ROM,2015,"40,000,000",178,0.02
Romania,968,ROM,2016,"30,000,000",189,0.02
Romania,968,ROM,2017,"20,000,000",212,0.01
Russia,922,RUS,2000,0,279,0
Russia,922,RUS,2001,0,329,0
Russia,922,RUS,2002,0,371,0
Russia,922,RUS,2003,0,462,0
Russia,922,RUS,2004,0,635,0
Russia,922,RUS,2005,"312,000,000",821,0.04
Russia,922,RUS,2006,"312,000,000","1,064",0.03
Russia,922,RUS,2007,"312,000,000","1,396",0.02
Russia,922,RUS,2008,"330,500,000","1,785",0.02
Russia,922,RUS,2009,"26,430,000,000","1,314",2.01
Russia,922,RUS,2010,"26,400,000,000","1,638",1.61
Russia,922,RUS,2011,"26,370,000,000","2,052",1.29
Russia,922,RUS,2012,"26,340,000,000","2,210",1.19
Russia,922,RUS,2013,"25,620,000,000","2,297",1.12
Russia,922,RUS,2014,"24,900,000,000","2,064",1.21
Russia,922,RUS,2015,"23,180,000,000","1,368",1.69
Russia,922,RUS,2016,"35,710,000,000","1,285",2.78
Russia,922,RUS,2017,"35,180,000,000","1,578",2.23
Rwanda,714,RWA,2000,0,2,0
Rwanda,714,RWA,2001,0,2,0
Rwanda,714,RWA,2002,0,2,0
Rwanda,714,RWA,2003,"3,720,040",2,0.2
Rwanda,714,RWA,2004,"3,480,929",2,0.17
Rwanda,714,RWA,2005,"5,097,222",3,0.2
Rwanda,714,RWA,2006,"5,122,772",3,0.16
Rwanda,714,RWA,2007,0,4,0
Rwanda,714,RWA,2008,"64,159,142",5,1.32
Rwanda,714,RWA,2009,"64,019,136",5,1.19
Rwanda,714,RWA,2010,"63,643,946",6,1.1
Rwanda,714,RWA,2011,"71,014,682",6,1.09
Rwanda,714,RWA,2012,"203,200,000",7,2.78
Rwanda,714,RWA,2013,"203,300,000",8,2.67
Rwanda,714,RWA,2014,"216,400,000",8,2.7
Rwanda,714,RWA,2015,"207,100,000",8,2.5
Rwanda,714,RWA,2016,"196,400,000",8,2.32
Rwanda,714,RWA,2017,"187,100,000",9,2.05
Samoa,862,WSM,2000,0,0,0
Samoa,862,WSM,2001,0,0,0
Samoa,862,WSM,2002,0,0,0
Samoa,862,WSM,2003,0,0,0
Samoa,862,WSM,2004,0,0,0
Samoa,862,WSM,2005,0,0,0
Samoa,862,WSM,2006,"40,500,000",1,8.05
Samoa,862,WSM,2007,"64,500,000",1,11.64
Samoa,862,WSM,2008,"137,200,000",1,20.57
Samoa,862,WSM,2009,"137,200,000",1,23.41
Samoa,862,WSM,2010,"137,200,000",1,21.47
Samoa,862,WSM,2011,"157,700,000",1,21.34
Samoa,862,WSM,2012,"157,700,000",1,19.69
Samoa,862,WSM,2013,"152,600,000",1,18.96
Samoa,862,WSM,2014,"176,400,000",1,21.94
Samoa,862,WSM,2015,"216,900,000",1,26.98
Samoa,862,WSM,2016,"206,400,000",1,26.26
Samoa,862,WSM,2017,"194,500,000",1,23.13
Senegal,722,SEN,2000,0,6,0
Senegal,722,SEN,2001,0,6,0
Senegal,722,SEN,2002,0,7,0
Senegal,722,SEN,2003,0,9,0
Senegal,722,SEN,2004,0,10,0
Senegal,722,SEN,2005,"143,000,000",11,1.3
Senegal,722,SEN,2006,"124,800,000",12,1.05
Senegal,722,SEN,2007,"177,400,000",14,1.24
Senegal,722,SEN,2008,"185,500,000",17,1.09
Senegal,722,SEN,2009,"206,700,000",16,1.27
Senegal,722,SEN,2010,"204,900,000",16,1.26
Senegal,722,SEN,2011,"273,400,000",18,1.53
Senegal,722,SEN,2012,"302,800,000",18,1.7
Senegal,722,SEN,2013,"434,500,000",19,2.29
Senegal,722,SEN,2014,"416,700,000",20,2.1
Senegal,722,SEN,2015,"1,629,000,000",18,9.16
Senegal,722,SEN,2016,"1,606,000,000",19,8.46
Senegal,722,SEN,2017,"1,587,000,000",21,7.52
Serbia,942,SRB,2000,0,9,0
Serbia,942,SRB,2001,0,12,0
Serbia,942,SRB,2002,0,16,0
Serbia,942,SRB,2003,0,21,0
Serbia,942,SRB,2004,0,25,0
Serbia,942,SRB,2005,0,26,0
Serbia,942,SRB,2006,0,31,0
Serbia,942,SRB,2007,0,41,0
Serbia,942,SRB,2008,0,49,0
Serbia,942,SRB,2009,"216,800,000",43,0.51
Serbia,942,SRB,2010,"247,000,000",39,0.63
Serbia,942,SRB,2011,"548,500,000",46,1.18
Serbia,942,SRB,2012,"1,218,000,000",41,2.99
Serbia,942,SRB,2013,"1,200,000,000",46,2.64
Serbia,942,SRB,2014,"1,308,000,000",44,2.96
Serbia,942,SRB,2015,"1,286,000,000",37,3.46
Serbia,942,SRB,2016,"1,494,000,000",38,3.9
Serbia,942,SRB,2017,"1,587,000,000",41,3.83
Seychelles,718,SYC,2000,0,1,0
Seychelles,718,SYC,2001,0,1,0
Seychelles,718,SYC,2002,0,1,0
Seychelles,718,SYC,2003,0,1,0
Seychelles,718,SYC,2004,0,1,0
Seychelles,718,SYC,2005,0,1,0
Seychelles,718,SYC,2006,0,1,0
Seychelles,718,SYC,2007,0,1,0
Seychelles,718,SYC,2008,0,1,0
Seychelles,718,SYC,2009,0,1,0
Seychelles,718,SYC,2010,0,1,0
Seychelles,718,SYC,2011,"44,257,027",1,4.35
Seychelles,718,SYC,2012,"39,099,065",1,3.69
Seychelles,718,SYC,2013,"33,262,798",1,2.5
Seychelles,718,SYC,2014,"29,600,234",1,2.2
Seychelles,718,SYC,2015,"25,171,676",1,1.83
Seychelles,718,SYC,2016,"21,817,422",1,1.53
Seychelles,718,SYC,2017,"24,103,651",1,1.61
Sierra Leone,724,SLE,2000,0,1,0
Sierra Leone,724,SLE,2001,0,1,0
Sierra Leone,724,SLE,2002,0,1,0
Sierra Leone,724,SLE,2003,0,1,0
Sierra Leone,724,SLE,2004,0,1,0
Sierra Leone,724,SLE,2005,0,2,0
Sierra Leone,724,SLE,2006,0,2,0
Sierra Leone,724,SLE,2007,0,2,0
Sierra Leone,724,SLE,2008,"16,600,000",3,0.66
Sierra Leone,724,SLE,2009,"46,600,000",2,1.9
Sierra Leone,724,SLE,2010,"46,600,000",3,1.81
Sierra Leone,724,SLE,2011,"406,900,000",3,13.83
Sierra Leone,724,SLE,2012,"421,900,000",4,11.1
Sierra Leone,724,SLE,2013,"421,900,000",5,8.58
Sierra Leone,724,SLE,2014,"421,900,000",5,8.43
Sierra Leone,724,SLE,2015,"420,300,000",4,9.88
Sierra Leone,724,SLE,2016,"416,100,000",4,10.99
Sierra Leone,724,SLE,2017,"411,900,000",4,11.4
South Africa,199,ZAF,2000,0,137,0
South Africa,199,ZAF,2001,0,122,0
South Africa,199,ZAF,2002,0,116,0
South Africa,199,ZAF,2003,0,175,0
South Africa,199,ZAF,2004,0,229,0
South Africa,199,ZAF,2005,0,258,0
South Africa,199,ZAF,2006,0,272,0
South Africa,199,ZAF,2007,0,299,0
South Africa,199,ZAF,2008,0,287,0
South Africa,199,ZAF,2009,"1,000,000,000",297,0.34
South Africa,199,ZAF,2010,"1,000,000,000",375,0.27
South Africa,199,ZAF,2011,"1,650,000,000",417,0.4
South Africa,199,ZAF,2012,"1,650,000,000",396,0.42
South Africa,199,ZAF,2013,"3,750,000,000",367,1.02
South Africa,199,ZAF,2014,"3,650,000,000",351,1.04
South Africa,199,ZAF,2015,"6,485,000,000",318,2.04
South Africa,199,ZAF,2016,"6,320,000,000",296,2.14
South Africa,199,ZAF,2017,"7,535,000,000",349,2.16
South Sudan,733,SSD,2011,0,17,0
South Sudan,733,SSD,2012,"200,000,000",11,1.77
South Sudan,733,SSD,2013,"287,400,000",15,1.92
South Sudan,733,SSD,2014,"466,600,000",15,3.09
South Sudan,733,SSD,2015,"465,200,000",12,3.72
South Sudan,733,SSD,2016,"459,600,000",3,15.05
South Sudan,733,SSD,2017,"455,900,000",3,14.9
Sri Lanka,524,LKA,2000,0,19,0
Sri Lanka,524,LKA,2001,"72,000,000",19,0.39
Sri Lanka,524,LKA,2002,"72,000,000",20,0.37
Sri Lanka,524,LKA,2003,"78,300,000",22,0.36
Sri Lanka,524,LKA,2004,"78,300,000",24,0.33
Sri Lanka,524,LKA,2005,"379,300,000",28,1.36
Sri Lanka,524,LKA,2006,"1,003,000,000",32,3.1
Sri Lanka,524,LKA,2007,"997,300,000",37,2.69
Sri Lanka,524,LKA,2008,"1,030,000,000",47,2.21
Sri Lanka,524,LKA,2009,"3,989,000,000",48,8.29
Sri Lanka,524,LKA,2010,"4,741,000,000",57,8.36
Sri Lanka,524,LKA,2011,"5,719,000,000",65,8.76
Sri Lanka,524,LKA,2012,"7,471,000,000",68,10.92
Sri Lanka,524,LKA,2013,"8,260,000,000",74,11.12
Sri Lanka,524,LKA,2014,"9,264,000,000",79,11.68
Sri Lanka,524,LKA,2015,"8,846,000,000",80,11
Sri Lanka,524,LKA,2016,"8,378,000,000",82,10.27
Sri Lanka,524,LKA,2017,"8,398,000,000",87,9.61
Sudan,732,SDN,2000,"23,300,000",13,0.18
Sudan,732,SDN,2001,0,16,0
Sudan,732,SDN,2002,"174,100,000",18,0.96
Sudan,732,SDN,2003,"1,066,000,000",21,4.99
Sudan,732,SDN,2004,"1,379,000,000",27,5.17
Sudan,732,SDN,2005,"1,840,000,000",35,5.23
Sudan,732,SDN,2006,"2,073,000,000",45,4.58
Sudan,732,SDN,2007,"2,709,000,000",59,4.56
Sudan,732,SDN,2008,"3,335,000,000",65,5.14
Sudan,732,SDN,2009,"3,913,000,000",55,7.14
Sudan,732,SDN,2010,"4,004,000,000",66,6.09
Sudan,732,SDN,2011,"3,852,000,000",66,5.8
Sudan,732,SDN,2012,"5,171,000,000",49,10.56
Sudan,732,SDN,2013,"4,963,000,000",53,9.38
Sudan,732,SDN,2014,"5,390,000,000",61,8.88
Sudan,732,SDN,2015,"5,092,000,000",66,7.72
Sudan,732,SDN,2016,"4,730,000,000",56,8.48
Sudan,732,SDN,2017,"4,347,000,000",46,9.49
Suriname,366,SUR,2000,0,1,0
Suriname,366,SUR,2001,0,1,0
Suriname,366,SUR,2002,0,1,0
Suriname,366,SUR,2003,0,2,0
Suriname,366,SUR,2004,"43,350,000",2,2.32
Suriname,366,SUR,2005,"43,350,000",2,1.94
Suriname,366,SUR,2006,"43,850,000",3,1.67
Suriname,366,SUR,2007,"47,050,000",3,1.6
Suriname,366,SUR,2008,"187,600,000",4,5.31
Suriname,366,SUR,2009,"187,600,000",4,4.84
Suriname,366,SUR,2010,"187,600,000",4,4.29
Suriname,366,SUR,2011,"183,000,000",4,4.14
Suriname,366,SUR,2012,"228,500,000",5,4.59
Suriname,366,SUR,2013,"273,900,000",5,5.32
Suriname,366,SUR,2014,"269,300,000",5,5.14
Suriname,366,SUR,2015,"250,600,000",5,5.19
Suriname,366,SUR,2016,"232,000,000",3,7.08
Suriname,366,SUR,2017,"213,300,000",3,6.24
Tajikistan,923,TJK,2000,0,1,0
Tajikistan,923,TJK,2001,0,1,0
Tajikistan,923,TJK,2002,0,1,0
Tajikistan,923,TJK,2003,0,2,0
Tajikistan,923,TJK,2004,0,2,0
Tajikistan,923,TJK,2005,0,2,0
Tajikistan,923,TJK,2006,"604,100,000",3,21.49
Tajikistan,923,TJK,2007,"700,100,000",4,18.86
Tajikistan,923,TJK,2008,"700,100,000",5,13.63
Tajikistan,923,TJK,2009,"734,500,000",5,14.76
Tajikistan,923,TJK,2010,"771,400,000",6,13.67
Tajikistan,923,TJK,2011,"793,500,000",7,12.16
Tajikistan,923,TJK,2012,"838,100,000",8,11.04
Tajikistan,923,TJK,2013,"934,300,000",9,10.98
Tajikistan,923,TJK,2014,"1,295,000,000",9,14.01
Tajikistan,923,TJK,2015,"1,231,000,000",8,15.67
Tajikistan,923,TJK,2016,"1,160,000,000",7,16.68
Tajikistan,923,TJK,2017,"1,154,000,000",7,16.15
Tanzania,738,TZA,2000,0,12,0
Tanzania,738,TZA,2001,0,13,0
Tanzania,738,TZA,2002,0,13,0
Tanzania,738,TZA,2003,0,14,0
Tanzania,738,TZA,2004,0,16,0
Tanzania,738,TZA,2005,0,17,0
Tanzania,738,TZA,2006,"10,033,313",19,0.05
Tanzania,738,TZA,2007,"10,515,893",22,0.05
Tanzania,738,TZA,2008,"114,900,000",27,0.42
Tanzania,738,TZA,2009,"119,500,000",29,0.42
Tanzania,738,TZA,2010,"294,100,000",31,0.95
Tanzania,738,TZA,2011,"438,000,000",34,1.3
Tanzania,738,TZA,2012,"2,196,000,000",39,5.62
Tanzania,738,TZA,2013,"3,664,000,000",44,8.25
Tanzania,738,TZA,2014,"3,817,000,000",48,7.91
Tanzania,738,TZA,2015,"3,800,000,000",46,8.33
Tanzania,738,TZA,2016,"3,770,000,000",48,7.91
Tanzania,738,TZA,2017,"3,741,000,000",52,7.23
Togo,742,TGO,2000,0,1,0
Togo,742,TGO,2001,0,1,0
Togo,742,TGO,2002,0,2,0
Togo,742,TGO,2003,0,2,0
Togo,742,TGO,2004,"15,170,585",2,0.67
Togo,742,TGO,2005,"15,182,916",2,0.67
Togo,742,TGO,2006,"15,315,890",2,0.65
Togo,742,TGO,2007,"18,031,163",3,0.68
Togo,742,TGO,2008,"24,325,066",3,0.73
Togo,742,TGO,2009,"231,600,000",3,6.86
Togo,742,TGO,2010,"247,300,000",3,7.21
Togo,742,TGO,2011,"256,300,000",4,6.62
Togo,742,TGO,2012,"237,500,000",4,6.13
Togo,742,TGO,2013,"242,800,000",4,5.62
Togo,742,TGO,2014,"241,200,000",5,5.27
Togo,742,TGO,2015,"479,400,000",4,11.47
Togo,742,TGO,2016,"458,600,000",4,10.28
Togo,742,TGO,2017,"440,800,000",5,9.25
Tonga,866,TON,2000,0,0,0
Tonga,866,TON,2001,"4,200,000",0,2.37
Tonga,866,TON,2002,"3,920,000",0,2.05
Tonga,866,TON,2003,"3,640,000",0,1.72
Tonga,866,TON,2004,"3,360,000",0,1.35
Tonga,866,TON,2005,"3,080,000",0,1.09
Tonga,866,TON,2006,"61,008,054",0,20.75
Tonga,866,TON,2007,"62,358,863",0,19.43
Tonga,866,TON,2008,"135,200,000",0,39.53
Tonga,866,TON,2009,"132,100,000",0,39.08
Tonga,866,TON,2010,"178,700,000",0,45.82
Tonga,866,TON,2011,"186,900,000",0,40.99
Tonga,866,TON,2012,"187,900,000",0,40.94
Tonga,866,TON,2013,"186,400,000",0,41.79
Tonga,866,TON,2014,"184,000,000",0,41.16
Tonga,866,TON,2015,"175,200,000",0,42.42
Tonga,866,TON,2016,"194,100,000",0,45.35
Tonga,866,TON,2017,"188,200,000",0,41.36
Trinidad and Tobago,369,TTO,2000,0,8,0
Trinidad and Tobago,369,TTO,2001,0,9,0
Trinidad and Tobago,369,TTO,2002,0,9,0
Trinidad and Tobago,369,TTO,2003,0,11,0
Trinidad and Tobago,369,TTO,2004,0,13,0
Trinidad and Tobago,369,TTO,2005,0,16,0
Trinidad and Tobago,369,TTO,2006,0,19,0
Trinidad and Tobago,369,TTO,2007,0,22,0
Trinidad and Tobago,369,TTO,2008,0,28,0
Trinidad and Tobago,369,TTO,2009,0,20,0
Trinidad and Tobago,369,TTO,2010,0,23,0
Trinidad and Tobago,369,TTO,2011,0,26,0
Trinidad and Tobago,369,TTO,2012,0,26,0
Trinidad and Tobago,369,TTO,2013,"235,000,000",27,0.87
Trinidad and Tobago,369,TTO,2014,"235,000,000",27,0.86
Trinidad and Tobago,369,TTO,2015,"235,000,000",25,0.94
Trinidad and Tobago,369,TTO,2016,"235,000,000",22,1.08
Trinidad and Tobago,369,TTO,2017,"256,500,000",22,1.15
Turkey,186,TUR,2000,0,273,0
Turkey,186,TUR,2001,0,200,0
Turkey,186,TUR,2002,0,238,0
Turkey,186,TUR,2003,0,312,0
Turkey,186,TUR,2004,0,405,0
Turkey,186,TUR,2005,0,501,0
Turkey,186,TUR,2006,0,551,0
Turkey,186,TUR,2007,"720,000,000",675,0.11
Turkey,186,TUR,2008,"720,000,000",765,0.09
Turkey,186,TUR,2009,"720,000,000",645,0.11
Turkey,186,TUR,2010,"720,000,000",772,0.09
Turkey,186,TUR,2011,"720,000,000",833,0.09
Turkey,186,TUR,2012,"1,320,000,000",874,0.15
Turkey,186,TUR,2013,"1,320,000,000",950,0.14
Turkey,186,TUR,2014,"1,248,000,000",934,0.13
Turkey,186,TUR,2015,"1,162,000,000",859,0.14
Turkey,186,TUR,2016,"1,835,000,000",863,0.21
Turkey,186,TUR,2017,"2,309,000,000",852,0.27
Turkmenistan,925,TKM,2000,0,5,0
Turkmenistan,925,TKM,2001,0,7,0
Turkmenistan,925,TKM,2002,0,9,0
Turkmenistan,925,TKM,2003,"30,000,000",11,0.26
Turkmenistan,925,TKM,2004,"30,000,000",14,0.21
Turkmenistan,925,TKM,2005,"54,000,000",17,0.31
Turkmenistan,925,TKM,2006,"354,000,000",21,1.65
Turkmenistan,925,TKM,2007,"354,000,000",26,1.36
Turkmenistan,925,TKM,2008,"354,000,000",22,1.64
Turkmenistan,925,TKM,2009,"4,354,000,000",20,21.54
Turkmenistan,925,TKM,2010,"4,352,000,000",23,19.27
Turkmenistan,925,TKM,2011,"8,450,000,000",29,28.91
Turkmenistan,925,TKM,2012,"8,446,000,000",35,24.02
Turkmenistan,925,TKM,2013,"8,020,000,000",39,20.46
Turkmenistan,925,TKM,2014,"7,594,000,000",44,17.45
Turkmenistan,925,TKM,2015,"6,759,000,000",36,18.88
Turkmenistan,925,TKM,2016,"5,923,000,000",36,16.37
Turkmenistan,925,TKM,2017,"5,088,000,000",38,13.41
Uganda,746,UGA,2000,0,6,0
Uganda,746,UGA,2001,"40,000,000",6,0.66
Uganda,746,UGA,2002,"40,000,000",6,0.62
Uganda,746,UGA,2003,"40,000,000",7,0.59
Uganda,746,UGA,2004,"40,000,000",8,0.48
Uganda,746,UGA,2005,"40,000,000",10,0.42
Uganda,746,UGA,2006,"40,000,000",11,0.37
Uganda,746,UGA,2007,"23,000,000",14,0.17
Uganda,746,UGA,2008,"50,218,280",17,0.29
Uganda,746,UGA,2009,"149,300,000",19,0.8
Uganda,746,UGA,2010,"146,000,000",20,0.72
Uganda,746,UGA,2011,"592,800,000",21,2.81
Uganda,746,UGA,2012,"599,800,000",25,2.45
Uganda,746,UGA,2013,"596,000,000",26,2.31
Uganda,746,UGA,2014,"1,076,000,000",27,4.04
Uganda,746,UGA,2015,"2,705,000,000",24,11.51
Uganda,746,UGA,2016,"2,778,000,000",25,11.33
Uganda,746,UGA,2017,"2,742,000,000",27,10.3
Ukraine,926,UKR,2000,0,32,0
Ukraine,926,UKR,2001,0,39,0
Ukraine,926,UKR,2002,0,44,0
Ukraine,926,UKR,2003,0,52,0
Ukraine,926,UKR,2004,0,67,0
Ukraine,926,UKR,2005,0,89,0
Ukraine,926,UKR,2006,0,112,0
Ukraine,926,UKR,2007,0,149,0
Ukraine,926,UKR,2008,0,188,0
Ukraine,926,UKR,2009,"372,300,000",122,0.31
Ukraine,926,UKR,2010,"372,300,000",136,0.27
Ukraine,926,UKR,2011,"372,300,000",163,0.23
Ukraine,926,UKR,2012,"5,772,000,000",176,3.29
Ukraine,926,UKR,2013,"5,772,000,000",180,3.21
Ukraine,926,UKR,2014,"5,772,000,000",132,4.36
Ukraine,926,UKR,2015,"5,772,000,000",91,6.35
Ukraine,926,UKR,2016,"5,585,000,000",93,5.98
Ukraine,926,UKR,2017,"5,398,000,000",112,4.82
Uruguay,298,URY,2000,0,23,0
Uruguay,298,URY,2001,0,21,0
Uruguay,298,URY,2002,0,14,0
Uruguay,298,URY,2003,0,12,0
Uruguay,298,URY,2004,0,14,0
Uruguay,298,URY,2005,0,17,0
Uruguay,298,URY,2006,"27,591,610",20,0.14
Uruguay,298,URY,2007,"28,918,707",23,0.12
Uruguay,298,URY,2008,"31,660,803",30,0.1
Uruguay,298,URY,2009,"32,204,158",32,0.1
Uruguay,298,URY,2010,"42,495,016",40,0.11
Uruguay,298,URY,2011,"45,648,025",48,0.1
Uruguay,298,URY,2012,"46,452,408",51,0.09
Uruguay,298,URY,2013,"44,149,150",58,0.08
Uruguay,298,URY,2014,"70,442,158",57,0.12
Uruguay,298,URY,2015,"66,095,432",53,0.12
Uruguay,298,URY,2016,"60,673,468",53,0.12
Uruguay,298,URY,2017,"56,587,718",59,0.1
Uzbekistan,927,UZB,2000,0,14,0
Uzbekistan,927,UZB,2001,"12,081,572",12,0.1
Uzbekistan,927,UZB,2002,"12,081,734",10,0.13
Uzbekistan,927,UZB,2003,"44,381,619",10,0.44
Uzbekistan,927,UZB,2004,"74,586,870",12,0.62
Uzbekistan,927,UZB,2005,"73,269,162",14,0.51
Uzbekistan,927,UZB,2006,"269,600,000",17,1.56
Uzbekistan,927,UZB,2007,"489,000,000",22,2.19
Uzbekistan,927,UZB,2008,"487,600,000",30,1.65
Uzbekistan,927,UZB,2009,"553,100,000",34,1.64
Uzbekistan,927,UZB,2010,"659,800,000",39,1.69
Uzbekistan,927,UZB,2011,"787,500,000",46,1.71
Uzbekistan,927,UZB,2012,"1,089,000,000",52,2.1
Uzbekistan,927,UZB,2013,"2,227,000,000",58,3.86
Uzbekistan,927,UZB,2014,"2,370,000,000",63,3.76
Uzbekistan,927,UZB,2015,"2,313,000,000",66,3.48
Uzbekistan,927,UZB,2016,"2,237,000,000",67,3.34
Uzbekistan,927,UZB,2017,"3,679,000,000",49,7.53
Vanuatu,846,VUT,2000,0,0,0
Vanuatu,846,VUT,2001,0,0,0
Vanuatu,846,VUT,2002,0,0,0
Vanuatu,846,VUT,2003,0,0,0
Vanuatu,846,VUT,2004,"10,000,000",0,2.74
Vanuatu,846,VUT,2005,"10,000,000",0,2.53
Vanuatu,846,VUT,2006,"10,000,000",0,2.28
Vanuatu,846,VUT,2007,"19,780,000",1,3.76
Vanuatu,846,VUT,2008,"49,780,000",1,8.19
Vanuatu,846,VUT,2009,"78,560,000",1,12.88
Vanuatu,846,VUT,2010,"78,560,000",1,11.21
Vanuatu,846,VUT,2011,"77,726,667",1,9.81
Vanuatu,846,VUT,2012,"76,893,333",1,9.83
Vanuatu,846,VUT,2013,"162,100,000",1,20.21
Vanuatu,846,VUT,2014,"214,300,000",1,26.29
Vanuatu,846,VUT,2015,"209,500,000",1,27.07
Vanuatu,846,VUT,2016,"201,800,000",1,25.29
Vanuatu,846,VUT,2017,"194,100,000",1,22.31
Venezuela,299,VEN,2000,0,118,0
Venezuela,299,VEN,2001,0,123,0
Venezuela,299,VEN,2002,0,96,0
Venezuela,299,VEN,2003,0,84,0
Venezuela,299,VEN,2004,0,112,0
Venezuela,299,VEN,2005,0,143,0
Venezuela,299,VEN,2006,0,178,0
Venezuela,299,VEN,2007,"4,000,000,000",222,1.8
Venezuela,299,VEN,2008,"8,000,000,000",290,2.76
Venezuela,299,VEN,2009,"9,500,000,000",237,4
Venezuela,299,VEN,2010,"10,600,000,000",294,3.6
Venezuela,299,VEN,2011,"20,100,000,000",334,6.02
Venezuela,299,VEN,2012,"20,100,000,000",332,6.06
Venezuela,299,VEN,2013,"29,190,000,000",234,12.45
Venezuela,299,VEN,2014,"33,690,000,000",212,15.87
Venezuela,299,VEN,2015,"37,370,000,000",243,15.4
Venezuela,299,VEN,2016,"37,060,000,000",236,15.7
Venezuela,299,VEN,2017,"34,480,000,000",210,16.41
Vietnam,582,VNM,2000,"21,466,666",31,0.07
Vietnam,582,VNM,2001,"21,466,666",33,0.07
Vietnam,582,VNM,2002,"107,000,000",35,0.3
Vietnam,582,VNM,2003,"211,500,000",40,0.53
Vietnam,582,VNM,2004,"561,300,000",50,1.13
Vietnam,582,VNM,2005,"1,012,000,000",58,1.76
Vietnam,582,VNM,2006,"1,438,000,000",66,2.17
Vietnam,582,VNM,2007,"1,425,000,000",78,1.84
Vietnam,582,VNM,2008,"1,968,000,000",98,2
Vietnam,582,VNM,2009,"2,306,000,000",102,2.27
Vietnam,582,VNM,2010,"2,580,000,000",113,2.29
Vietnam,582,VNM,2011,"4,543,000,000",135,3.38
Vietnam,582,VNM,2012,"5,455,000,000",156,3.51
Vietnam,582,VNM,2013,"5,654,000,000",170,3.32
Vietnam,582,VNM,2014,"6,669,000,000",186,3.59
Vietnam,582,VNM,2015,"7,869,000,000",191,4.11
Vietnam,582,VNM,2016,"7,449,000,000",201,3.7
Vietnam,582,VNM,2017,"7,031,000,000",220,3.19
"Yemen, Rep.",474,YEM,2000,"70,000,000",10,0.72
"Yemen, Rep.",474,YEM,2001,"70,000,000",10,0.71
"Yemen, Rep.",474,YEM,2002,0,11,0
"Yemen, Rep.",474,YEM,2003,0,12,0
"Yemen, Rep.",474,YEM,2004,0,14,0
"Yemen, Rep.",474,YEM,2005,0,17,0
"Yemen, Rep.",474,YEM,2006,0,19,0
"Yemen, Rep.",474,YEM,2007,"20,424,613",22,0.09
"Yemen, Rep.",474,YEM,2008,"74,321,013",27,0.28
"Yemen, Rep.",474,YEM,2009,"166,000,000",25,0.66
"Yemen, Rep.",474,YEM,2010,"174,900,000",31,0.57
"Yemen, Rep.",474,YEM,2011,"176,000,000",33,0.54
"Yemen, Rep.",474,YEM,2012,"177,000,000",35,0.5
"Yemen, Rep.",474,YEM,2013,"177,900,000",40,0.44
"Yemen, Rep.",474,YEM,2014,"191,200,000",43,0.44
"Yemen, Rep.",474,YEM,2015,"182,400,000",46,0.4
"Yemen, Rep.",474,YEM,2016,"164,300,000",36,0.45
"Yemen, Rep.",474,YEM,2017,"145,800,000",31,0.47
Zambia,754,ZMB,2000,0,4,0
Zambia,754,ZMB,2001,0,4,0
Zambia,754,ZMB,2002,0,4,0
Zambia,754,ZMB,2003,0,5,0
Zambia,754,ZMB,2004,0,6,0
Zambia,754,ZMB,2005,0,8,0
Zambia,754,ZMB,2006,0,13,0
Zambia,754,ZMB,2007,"356,900,000",14,2.54
Zambia,754,ZMB,2008,"356,900,000",18,1.99
Zambia,754,ZMB,2009,"439,300,000",15,2.87
Zambia,754,ZMB,2010,"1,530,000,000",20,7.55
Zambia,754,ZMB,2011,"1,882,000,000",23,8.02
Zambia,754,ZMB,2012,"2,669,000,000",26,10.47
Zambia,754,ZMB,2013,"2,972,000,000",28,10.6
Zambia,754,ZMB,2014,"5,235,000,000",27,19.28
Zambia,754,ZMB,2015,"5,150,000,000",21,24.25
Zambia,754,ZMB,2016,"5,224,000,000",21,24.95
Zambia,754,ZMB,2017,"6,015,000,000",26,23.4
Zimbabwe,698,ZWE,2000,"2,415,895",10,0.02
Zimbabwe,698,ZWE,2001,"2,416,314",10,0.02
Zimbabwe,698,ZWE,2002,"2,416,347",9,0.03
Zimbabwe,698,ZWE,2003,"2,416,324",8,0.03
Zimbabwe,698,ZWE,2004,"2,416,393",8,0.03
Zimbabwe,698,ZWE,2005,"2,440,716",8,0.03
Zimbabwe,698,ZWE,2006,"692,508,328",7,9.83
Zimbabwe,698,ZWE,2007,"759,409,892",7,11.27
Zimbabwe,698,ZWE,2008,"761,898,546",6,13.12
Zimbabwe,698,ZWE,2009,"961,695,738",8,11.49
Zimbabwe,698,ZWE,2010,"1,051,785,395",10,10.44
Zimbabwe,698,ZWE,2011,"1,370,121,577",12,11.35
Zimbabwe,698,ZWE,2012,"2,374,613,091",14,16.89
Zimbabwe,698,ZWE,2013,"2,320,971,354",15,15.25
Zimbabwe,698,ZWE,2014,"2,862,116,850",16,18.08
Zimbabwe,698,ZWE,2015,"2,875,801,197",16,17.9
Zimbabwe,698,ZWE,2016,"2,769,958,312",16,17.18
Zimbabwe,698,ZWE,2017,"2,655,941,596",18,15.06
